CRN,Subj,Num,Sec,Title,Hours,Faculty,Days,Beg,End,Days.2,Beg.2,End.2,Location,Limit,Enr,Av.Seats,Additional.Info,General.Education
American Studies,,NA,,,,,,NA,NA,,NA,NA,,NA,NA,,,NA
10486,AMST,333,A,Junior Seminar,4,J Grammer,W,1400,1630,,NA,NA,Gailor Hall 019,15,6,Available: 9,,NA
10632,ANTH,307,A,The Archaeology of Southeastern United States,4,M McCollough,W,1530,1830,,NA,NA,Woods Laboratories 301,15,15,Closed,,NA
10278,ARTH,212,A,American Animation, 1910-1960,4,G Clark,TR,930,1045,,NA,NA,Carnegie Hall 302,20,22,Closed,Reserved Seats: seniors-5 (none available), juniors-5 (none available), sophomores-5 (none available), returning freshmen-5 (2 available),NA
10279,ARTH,212,B,American Animation, 1910-1960,4,G Clark,TR,1100,1215,,NA,NA,Carnegie Hall 302,20,20,Closed,Reserved Seats: seniors-5 (none available), juniors-5 (none available), sophomores-5 (2 available), returning freshmen-5 (none available),NA
10283,ARTH,310,A,Far East in American Visual Culture,4,M Oba,M,1400,1630,,NA,NA,Gailor Hall 230,15,5,Available: 10,Writing Intensive; Prerequisites: One course in art history, Asian studies or American studies,NA
10276,ARTH,347,A,Matthew Barneyâ€™s Cremaster Cycle,4,C Mansfield,TR,1100,1215,,NA,NA,Carnegie Hall 304,14,20,Closed,Writing Intensive; Instructor permission required,NA
10475,ENGL,378,A,American Literature II,4,E Grammer,TR,930,1045,,NA,NA,Gailor Hall 110,25,23,Available: 2,,NA
10478,ENGL,394,A,Literature of the American South,4,J Grammer,MWF,900,950,,NA,NA,Gailor Hall 110,25,26,Closed,,NA
10479,ENGL,395,A,African-American Literature,4,E Grammer,M,1400,1630,,NA,NA,Gailor Hall 114,15,12,Available: 3,Writing Intensive,NA
10480,ENGL,396,A,American Environmental Literature,4,J Gatta,MWF,1000,1050,,NA,NA,Gailor Hall 130,25,14,Available: 11,,NA
10481,ENGL,397,A,Contemporary American Fiction,4,T Carlson,W,1400,1630,,NA,NA,duPont Library 215,15,14,Available: 1,Writing Intensive,NA
10345,HIST,202,A,History of the United States II,4,A Scott,MWF,800,850,,NA,NA,Walsh-Ellett Hall 306,25,25,Closed,,NA
10351,HIST,231,A,African-American History to 1865,4,H Roberson,TR,1100,1215,,NA,NA,Walsh-Ellett Hall 202,20,21,Closed,,NA
10686,HIST,316,A,The African-American Church in Slavery and Freedom,4,H Roberson,M,1400,1630,,NA,NA,Walsh-Ellett Hall 312,15,12,Available: 3,Writing Intensive,NA
10355,HIST,322,A,Southern Lives,4,J Willis,TR,930,1045,,NA,NA,Walsh-Ellett Hall 204,15,14,Available: 1,Writing Intensive; Waitlist - contact instructor,NA
10364,HIST,393,A,America's Civil War,4,J Willis,MW,1100,1215,,NA,NA,Walsh-Ellett Hall 204,15,14,Available: 1,Writing Intensive; Waitlist - contact instructor,NA
10586,MUSC,223,A,American Music,4,S Miller,TR,1100,1215,,NA,NA,Guerry Hall 131,15,10,Available: 5,Writing Intensive; Prerequisites: MUSC 101 or HUMN 202,NA
10332,PHIL,311,A,American Philosophy,4,B Garland,TR,930,1045,,NA,NA,Guerry Hall 204,22,17,Available: 5,Prerequisites: One course in philosophy at the 100- or 200-level (excluding PHIL 201),NA
10440,POLS,203,A,The Presidency,4,C Brockett,WF,1100,1215,,NA,NA,Walsh-Ellett Hall 210,30,28,Available: 2,,NA
10441,POLS,204,A,Legislative Process,4,A Hatcher,TR,1300,1415,,NA,NA,Walsh-Ellett Hall 206,25,25,Closed,,NA
10444,POLS,304,A,American Political Thought,4,G McKeen,MW,1400,1515,,NA,NA,Walsh-Ellett Hall 304,25,25,Closed,,NA
10446,POLS,322,A,United States Foreign Policy,4,B Ward,MWF,800,850,,NA,NA,Guerry Hall 204,25,15,Available: 10,,NA
10450,POLS,390,A,The United Nations,4,E Dunn,TR,1100,1215,,NA,NA,Guerry Hall 1,25,11,Available: 14,,NA
Anthropology,,NA,,,,,,NA,NA,,NA,NA,,NA,NA,,,NA
10628,ANTH,104,A,Introductory Cultural Anthropology,4,D Murdock,MWF,800,850,,NA,NA,Woods Laboratories 342,22,21,Available: 1,Reserved Seats: sophomores-6 (none available), returning freshmen-10 (none available),NA
10692,ANTH,180,A,Archaeology of Britain,4,I Ralston,WR,1300,1415,,NA,NA,Woods Laboratories 340,23,24,Closed,Reserved Seats: seniors-6 (2 available), juniors-8 (4 available),NA
10629,ANTH,202,A,World Prehistory,4,C Ray,TR,930,1045,,NA,NA,Woods Laboratories 340,23,23,Closed,Reserved Seats: seniors-5 (none available), juniors-8 (5 available),NA
10630,ANTH,202,B,World Prehistory,4,C Ray,TR,1100,1215,,NA,NA,Woods Laboratories 340,23,24,Closed,Reserved Seats: seniors-5 (none available), juniors-8 (none available),NA
10631,ANTH,222,A,Celtic Culture and Archaeology,4,C Ray,MW,1100,1215,,NA,NA,Woods Laboratories 234,23,27,Closed,Reserved Seats: seniors-8 (none available), juniors-8 (5 available),NA
10632,ANTH,307,A,The Archaeology of Southeastern United States,4,M McCollough,W,1530,1830,,NA,NA,Woods Laboratories 301,15,15,Closed,,NA
10633,ANTH,320,A,Marriage, Family, and Kinship,4,J Hamer,TR,930,1045,,NA,NA,Woods Laboratories 342,15,13,Available: 2,,NA
10634,ANTH,321,A,Women in Cross-Cultural Perspective,4,D Murdock,MWF,1000,1050,,NA,NA,Woods Laboratories 342,15,13,Available: 2,Writing Intensive,NA
10699,ANTH,370,A,Religious Ethos and Identity in Campus Life,4,R O'Connor,R,1300,1530,,NA,NA,Woods Laboratories 342,15,8,Available: 7,Instructor permission required,NA
10669,ANTH,391,A,Junior Tutorial,4,R O'Connor,T,1400,1630,,NA,NA,Woods Laboratories 342,15,9,Available: 6,Writing Intensive; Open only to students pursuing majors in anthropology; Prerequisite: ANTH 104,NA
10636,ANTH,402,A,Senior Seminar,4,D Murdock,M,1300,1530,,NA,NA,Woods Laboratories ,15,9,Available: 6,Writing Intensive; Open only to students pursuing majors in anthropology,NA
Art and Art History,,NA,,,,,,NA,NA,,NA,NA,,NA,NA,,,NA
10297,ART,103,A,Introduction to Lens and Time-based Media,4,P Malde,M,1400,1630,,NA,NA,duPont Library G31,18,18,Closed,Reserved Seats: returning freshmen-9 (4 available); Instructor permission required; Studio Art Fee-Malde: $100,NA
10298,ART,104,A,Introduction to Three- and Four-Dimensional Media,4,G Pond,M,1400,1630,,NA,NA,Nabit Art Building ,18,19,Closed,Reserved Seats: returning freshmen-6 (none available); Studio Art Fee-Malde: $110,NA
10284,ART,105,A,Introduction to Painting and Drawing Processes and Theory,4,J Ryan,T,1400,1630,,NA,NA,Nabit Art Building ,18,19,Closed,Reserved Seats: returning freshmen-9 (none available); Waitlist - contact instructor,NA
10772,ART,105,B,Introduction to Painting and Drawing Processes and Theory,4,J Ryan,R,1400,1630,,NA,NA,Nabit Art Building ,12,11,Available: 1,Waitlist - contact instructor,NA
10285,ART,251,A,Intermediate Drawing,4,J Ryan,W,1400,1630,,NA,NA,Nabit Art Building ,12,5,Available: 7,Prerequisites: ART 151 or ART 105,NA
10286,ART,263,A,Intermediate Documentary Projects in Photography,4,P Malde,W,1400,1630,,NA,NA,Carnegie Hall 302,15,11,Available: 4,Writing Intensive; Prerequisites: ART 103 or ART 104 or ART 143 or ART 343; Studio Art Fee-Malde: $150,NA
10287,ART,281,A,Intermediate Sculpture,4,G Pond,R,1400,1630,,NA,NA,Nabit Art Building ,12,3,Available: 9,Prerequisites: ART 181 or ART 104; Sculpture Fee: $175,NA
10288,ART,291,A,Intermediate Painting,4,J Ryan,R,1400,1630,,NA,NA,Nabit Art Building ,15,3,Available: 12,Prerequisites: ART 105 or ART 191,NA
10289,ART,351,A,Advanced Drawing,4,J Ryan,W,1400,1630,,NA,NA,Nabit Art Building ,8,4,Available: 4,Prerequisite: ART 251,NA
10290,ART,381,A,Advanced Sculpture,4,G Pond,R,1400,1630,,NA,NA,Nabit Art Building ,8,3,Available: 5,Prerequisite: ART 281; Sculpture Fee: $175,NA
10291,ART,419,A,Junior Tutorial in Art-II,4,P Malde,T,1400,1630,,NA,NA,Carnegie Hall 302,24,13,Available: 11,Open only to students pursuing majors in art,NA
10292,ART,430,A,Senior Seminar,4,G Pond,T,1400,1630,,NA,NA,Nabit Art Building ,24,9,Available: 15,Writing Intensive; Open only to students pursuing majors in art,NA
10280,ARTH,104,A,Survey of Western Art II,4,M Brennecke,TR,1100,1215,,NA,NA,Carnegie Hall 306,20,28,Closed,,NA
10281,ARTH,104,B,Survey of Western Art II,4,M Brennecke,TR,1300,1415,,NA,NA,Carnegie Hall 306,20,22,Closed,,NA
10295,ARTH,107,A,The Films of Alfred Hitchcock,4,L Richardson,TR,1100,1215,,NA,NA,Gailor Hall 011,20,18,Available: 2,Instructor permission required,NA
10278,ARTH,212,A,American Animation, 1910-1960,4,G Clark,TR,930,1045,,NA,NA,Carnegie Hall 302,20,22,Closed,Reserved Seats: seniors-5 (none available), juniors-5 (none available), sophomores-5 (none available), returning freshmen-5 (2 available),NA
10279,ARTH,212,B,American Animation, 1910-1960,4,G Clark,TR,1100,1215,,NA,NA,Carnegie Hall 302,20,20,Closed,Reserved Seats: seniors-5 (none available), juniors-5 (none available), sophomores-5 (2 available), returning freshmen-5 (none available),NA
10283,ARTH,310,A,Far East in American Visual Culture,4,M Oba,M,1400,1630,,NA,NA,Gailor Hall 230,15,5,Available: 10,Writing Intensive; Prerequisites: One course in art history, Asian studies or American studies,NA
10274,ARTH,317,A,Junior Seminar,4,C Mansfield,T,1400,1630,,NA,NA,Carnegie Hall 304,14,14,Closed,Writing Intensive; Open only to students pursuing majors in art history,NA
10275,ARTH,317,B,Junior Seminar,4,C Mansfield,R,1400,1630,,NA,NA,Carnegie Hall 304,14,10,Available: 4,Writing Intensive; Open only to students pursuing majors in art history,NA
10277,ARTH,320,A,Medieval Art,4,G Clark,TBA,NA,NA,,NA,NA,TBA,20,20,Closed,Prerequisites: ARTH 103 or ARTH 104 or HUMN 102,NA
10282,ARTH,338,A,British Art,4,M Brennecke,MWF,1000,1050,,NA,NA,Carnegie Hall 304,15,16,Closed,Prerequisite: ARTH 104,NA
10276,ARTH,347,A,Matthew Barney,4,C Mansfield,TR,1100,1215,,NA,NA,Carnegie Hall 304,14,20,Closed,Writing Intensive; Instructor permission required,NA
Asian Studies,,NA,,,,,,NA,NA,,NA,NA,,NA,NA,,,NA
10283,ARTH,310,A,Far East in American Visual Culture,4,M Oba,M,1400,1630,,NA,NA,Gailor Hall 230,15,5,Available: 10,Writing Intensive; Prerequisites: One course in art history, Asian studies or American studies,NA
10369,ASIA,100,A,Introduction to Asian Studies,4,J Oba,TR,1100,1215,,NA,NA,Gailor Hall 128,25,26,Closed,,NA
10683,ASIA,207,A,Memory in Chinese and Japanese Cinema,4,J Xiao,T,1300,1530,M,1900,2130,Gailor Hall 103,22,5,Available: 17,,NA
10370,CHIN,104,A,Elementary Chinese II,4,J Xiao,MW,900,950,TR,830,920,Gailor Hall 230,25,12,Available: 13,Prerequisite: CHIN 103,NA
10371,CHIN,301,A,Advanced Chinese,4,J Xiao,MW,1100,1150,R,1400,1450,Gailor Hall 230,25,3,Available: 22,Prerequisite: CHIN 203,NA
10622,ECON,309,A,Women in the Economy,4,Y Mohiuddin,R,1400,1630,,NA,NA,Walsh-Ellett Hall 310,20,20,Closed,Writing Intensive; Prerequisite: ECON 101,NA
10348,HIST,216,A,History of Japan,4,H Goldberg,TR,1100,1215,,NA,NA,Walsh-Ellett Hall 308,25,25,Closed,,NA
10363,HIST,388,A,The United States and Vietnam since 1945,4,H Goldberg,TR,800,850,M,1900,2100,Walsh-Ellett Hall 308,25,28,Closed,Open only to students pursuing majors in Asian studies, history, politics, or third world studies; Hist/PolS/TWSt/Asia,NA
10367,JAPN,104,A,Elementary Japanese II,4,M Oba,TWRF,1300,1350,,NA,NA,Gailor Hall 230,15,9,Available: 6,Prerequisite: JAPN 103,NA
10368,JAPN,301,A,Composition and Conversation,4,M Oba,MWF,1000,1050,,NA,NA,Gailor Hall 230,15,5,Available: 10,Prerequisite: JAPN 203,NA
10704,MUSC,241,A,Listening to Asia,4,J Oba,TR,1230,1345,,NA,NA,Guerry Hall 131,15,9,Available: 6,Prerequisites: MUSC 101 or MUSC 105 or ASIA 100,NA
10447,POLS,326,A,Comparative Asian Politics,4,S Wilson,TR,930,1045,,NA,NA,Walsh-Ellett Hall 206,25,11,Available: 14,,NA
10508,RELG,162,A,Introduction to Asian Religions,4,T Martin-i-Pardo,TR,930,1045,,NA,NA,Walsh-Ellett Hall 210,22,23,Closed,Reserved Seats: sophomores-6 (none available), returning freshmen-6 (none available),NA
10509,RELG,162,B,Introduction to Asian Religions,4,T Martin-i-Pardo,TR,1100,1215,,NA,NA,Walsh-Ellett Hall 210,22,21,Available: 1,Reserved Seats: sophomores-6 (none available), returning freshmen-6 (none available),NA
10510,RELG,361,A,New Religions,4,J Smith,MWF,900,950,,NA,NA,duPont Library G31,22,23,Closed,,NA
Biology,,NA,,,,,,NA,NA,,NA,NA,,NA,NA,,,NA
10419,BIOL,107,A,People and the Environment,4,D McGrath,TR,800,915,,NA,NA,Woods Laboratories 103,20,22,Closed,Non-Lab Science,NA
10420,BIOL,114,A,Introduction to Botany,4,C Jordan,TR,930,1045,,NA,NA,Woods Laboratories 128,20,23,Closed,Non-Lab Science; Open only to freshmen and sophomores,NA
10421,BIOL,131,A,Evolution, Ecology and Biodiversity (Lab),0,K Zigler/J Evans,MWF,900,950,R,1330,1630,Woods Laboratories 128,20,20,Closed,Lab Science; Reserved Seats: returning freshmen-7 (none available); Waitlist - contact instructor,NA
10422,BIOL,131,B,Evolution, Ecology and Biodiversity (Lab),0,D McGrath/D Haskell,MWF,1000,1050,W,1330,1630,Woods Laboratories 128,20,23,Closed,Lab Science; Reserved Seats: returning freshmen-7 (none available),NA
10423,BIOL,132,A,Cellular, Molecular and Physiological Biology (Lab),0,J Palisano/C Jordan,MWF,1100,1150,M,1330,1630,Woods Laboratories 113,20,21,Closed,Lab Science; Reserved Seats: returning freshmen-7 (none available); Waitlist - contact instructor,NA
10424,BIOL,132,B,Cellular, Molecular and Physiological Biology (Lab),0,J Palisano/J Verdoni,MWF,1100,1150,T,1330,1630,Woods Laboratories 113,20,21,Closed,Lab Science; Reserved Seats: returning freshmen-7 (none available); Waitlist - contact instructor,NA
10425,BIOL,201,A,Ornithology (Lab),4,D Haskell,MWF,800,850,R,1330,1630,Woods Laboratories 128,16,15,Available: 1,Lab Science; Prerequisites: BIOL 131 or BIOL 132,NA
10426,BIOL,209,A,Advanced Conservation Biology,4,J Evans,MWF,1100,1150,,NA,NA,Woods Laboratories 128,16,16,Closed,Non-Lab Science; Prerequisite: BIOL 131,NA
10427,BIOL,215,A,Fungi,2,L Jones,T,930,1045,,NA,NA,Woods Laboratories 103,16,15,Available: 1,,NA
10428,BIOL,216,A,Algae and Bryophytes,2,L Jones,R,930,1045,,NA,NA,Woods Laboratories 103,16,11,Available: 5,,NA
10429,BIOL,306,A,Biochemistry,4,J Verdoni,TR,1100,1215,,NA,NA,Woods Laboratories 113,8,10,Closed,Non-Lab Science; Prerequisites: BIOL 132 and CHEM 201,NA
10710,BIOL,308,A,Genetically Modified Organisms,4,C Jordan,R,1330,1600,,NA,NA,Woods Laboratories 103,16,7,Available: 9,Non-Lab Science; Prerequisite: BIOL 132,NA
10712,BIOL,316,A,Biochemistry (Lab),4,J Verdoni,TR,1100,1215,W,1330,1630,Woods Laboratories 113,8,6,Available: 2,Lab Science; Prerequisites: BIOL 132 and CHEM 201; Instructor permission required,NA
10432,BIOL,333,A,Developmental Biology (Lab),4,K Zigler,TR,800,915,T,1330,1630,Woods Laboratories 128,16,16,Closed,Lab Science; Prerequisites: BIOL 131 and BIOL 132,NA
10711,BIOL,339,A,Studio Course in Microbiology,4,J Palisano,MWF,900,950,,NA,NA,Woods Laboratories 103,16,13,Available: 3,Non-Lab Science,NA
Chemistry,,NA,,,,,,NA,NA,,NA,NA,,NA,NA,,,NA
10513,CHEM,101,A,General Chemistry I (Lab),4,J Shibata,MWF,1000,1050,W,1330,1630,Woods Laboratories 113,16,16,Closed,Lab Science; Waitlist - contact instructor,NA
10514,CHEM,102,A,General Chemistry II (Lab),4,E Kirven,MWF,900,950,,NA,NA,Woods Laboratories BLACKMAN,30,16,Available: 14,Lab Science; Prerequisites: CHEM 101 or CHEM 103,NA
10515,CHEM,102,B,General Chemistry II (Lab),4,R Summers,MWF,1000,1050,,NA,NA,Woods Laboratories BLACKMAN,30,42,Closed,Lab Science; Prerequisites: CHEM 101 or CHEM 103,NA
10516,CHEM,102,L1,General Chemistry II (Lab),0,E Kirven,M,1330,1630,,NA,NA,Woods Laboratories 202,20,15,Available: 5,Lab Science; Prerequisites: CHEM 101 or CHEM 103; Instructor permission required,NA
10517,CHEM,102,L2,General Chemistry II (Lab),0,R Summers,T,1330,1630,,NA,NA,Woods Laboratories 202,20,16,Available: 4,Lab Science; Prerequisites: CHEM 101 or CHEM 103; Instructor permission required,NA
10518,CHEM,102,L3,General Chemistry II (Lab),0,J Shibata,R,1330,1630,,NA,NA,Woods Laboratories 202,20,18,Available: 2,Lab Science; Prerequisites: CHEM 101 or CHEM 103; Instructor permission required,NA
10785,CHEM,102,L4,General Chemistry II (Lab),0,K Walsh,W,1330,1630,,NA,NA,Woods Laboratories 202,20,9,Available: 11,Lab Science; Prerequisites: CHEM 101 or CHEM 103,NA
10700,CHEM,110,A,The Science of Food and Cooking,4,D Miles,TR,1100,1215,,NA,NA,Woods Laboratories 216,20,19,Available: 1,Non-Lab Science; Instructor permission required,NA
10519,CHEM,202,A,Organic Chemistry II (Lab),4,K Walsh,MWF,800,850,,NA,NA,Woods Laboratories 216,30,24,Available: 6,Lab Science; Prerequisite: CHEM 201,NA
10520,CHEM,202,L1,Organic Chemistry II (Lab),0,K Walsh,M,1330,1630,,NA,NA,Woods Laboratories 205,15,14,Available: 1,Lab Science; Prerequisite: CHEM 201,NA
10521,CHEM,202,L2,Organic Chemistry II (Lab),0,E Kirven,W,1330,1630,,NA,NA,Woods Laboratories 205,15,10,Available: 5,Lab Science; Prerequisite: CHEM 201,NA
10522,CHEM,301,A,Junior Seminar,2,R Bachman,F,1330,1430,,NA,NA,Woods Laboratories 216,30,5,Available: 25,Non-Lab Science; Open only to juniors pursuing majors in chemistry,NA
10523,CHEM,306,A,Biochemistry,4,J Verdoni,TR,1100,1215,,NA,NA,Woods Laboratories 113,8,10,Closed,Non-Lab Science; Prerequisites: CHEM 201 and BIOL 132,NA
10524,CHEM,308,A,Inorganic Chemistry (Lab),4,R Bachman,MWF,1000,1050,W,1330,1630,Woods Laboratories 216,20,5,Available: 15,Lab Science; Writing Intensive,NA
10525,CHEM,311,A,Chemical Analysis (Lab),4,D Miles,MWF,900,950,M,1330,1630,Woods Laboratories 216,20,4,Available: 16,Lab Science; Writing Intensive; Prerequisite: CHEM 102,NA
10722,CHEM,316,A,Biochemistry (Lab),4,J Verdoni,TR,1100,1215,W,1330,1630,Woods Laboratories 113,8,6,Available: 2,Lab Science; Prerequisites: BIOL 132 and CHEM 201,NA
10526,CHEM,401,A,Senior Seminar,2,R Bachman,F,1330,1430,,NA,NA,Woods Laboratories 216,20,7,Available: 13,Non-Lab Science; Open only to seniors pursuing majors in chemistry,NA
10527,CHEM,417,A,Advanced Biochemistry,4,R Summers,MW,1100,1215,,NA,NA,Woods Laboratories 217,20,9,Available: 11,Non-Lab Science; Prerequisites: (BIOL 306 or CHEM 306) or CHEM 307,NA
Classics,,NA,,,,,,NA,NA,,NA,NA,,NA,NA,,,NA
10670,CLST,101,A,Classical Mythology,4,J Bruss,MWF,900,950,,NA,NA,Gailor Hall 128,25,24,Available: 1,,NA
10671,CLST,353,A,Latin Literature in Translation,4,C McDonough,R,1400,1650,,NA,NA,Gailor Hall 128,25,20,Available: 5,,NA
10372,GREK,104,A,Elementary Greek II,4,J Bruss,MWF,1200,1250,R,1215,1305,Gailor Hall 130,25,10,Available: 15,Prerequisite: GREK 103,NA
10373,GREK,302,A,Homer II,4,J Bruss,TR,930,1045,,NA,NA,Gailor Hall 019,25,5,Available: 20,Prerequisite: GREK 301,NA
10374,LATN,104,A,Elementary Latin II,4,C McDonough,MWF,1200,1250,R,1200,1250,Gailor Hall 019,15,18,Closed,Prerequisite: LATN 103,NA
10375,LATN,104,B,Elementary Latin II,4,D Seiters,MWF,900,950,T,1300,1350,Gailor Hall 019,15,14,Available: 1,Prerequisite: LATN 103,NA
10376,LATN,301,A,Introduction to Latin Epic,4,D Seiters,MWF,1100,1150,,NA,NA,Gailor Hall 128,15,16,Closed,Prerequisite: LATN 203,NA
10377,LATN,301,B,Introduction to Latin Epic,4,D Huber,MWF,1300,1350,,NA,NA,Gailor Hall 011,15,13,Available: 2,Prerequisite: LATN 203,NA
10378,LATN,307,A,Ovid,4,D Seiters,TR,1100,1215,,NA,NA,Gailor Hall 212,25,6,Available: 19,Prerequisite: LATN 301,NA
10379,LATN,404,A,Poetry of the Roman Empire,4,D Huber,MWF,1100,1150,,NA,NA,Gailor Hall 011,25,6,Available: 19,Prerequisite: LATN 301,NA
Computer Science,,NA,,,,,,NA,NA,,NA,NA,,NA,NA,,,NA
10395,CSCI,157,A,Introduction to Programming,4,S Carl,TR,930,1045,R,1400,1700,Woods Laboratories 136,25,12,Available: 13,,NA
10396,CSCI,257,A,Data Structures,4,L Dale,TR,930,1045,,NA,NA,Woods Laboratories 119,25,1,Available: 24,Prerequisite: CSCI 157,NA
10397,CSCI,348,A,Databases,4,L Dale,TR,1100,1215,,NA,NA,Woods Laboratories 136,25,6,Available: 19,Prerequisites: CSCI 257 and MATH 215,NA
10398,CSCI,360,A,Principles of Interactive Computer Graphics,4,L Dale,MWF,1000,1050,,NA,NA,Woods Laboratories 119,25,9,Available: 16,Prerequisites: CSCI 257 and MATH 215,NA
10399,CSCI,428,A,Operating Systems,4,S Carl,MWF,1100,1150,,NA,NA,Woods Laboratories 136,25,7,Available: 18,Prerequisites: CSCI 270 and MATH 215,NA
Earth & Environmental Systems,,NA,,,,,,NA,NA,,NA,NA,,NA,NA,,,NA
10569,FORS,121,A,Introduction to Forestry (Lab),4,S Torreano,MWF,900,950,W,1330,1630,Snowden Hall 211,15,16,Closed,Lab Science,NA
10568,FORS,121,B,Introduction to Forestry (Lab),4,K Smith,TR,930,1045,T,1330,1630,Snowden Hall 211,18,18,Closed,Lab Science,NA
10570,FORS,305,A,Forest Ecology (Lab),4,K Kuers,MWF,1000,1050,M,1330,1630,Snowden Hall 211,16,17,Closed,Lab Science; Prerequisites: FORS 121 or FORS 211,NA
10571,FORS,307,A,Biometrics,4,S Torreano,R,1330,1630,,NA,NA,Snowden Hall 208,10,8,Available: 2,Non-Lab Science; Prerequisites: FORS 121 and (MATH 101 or STAT 204),NA
10572,FORS,314,A,Hydrology (Lab),4,M Knoll,TR,800,915,T,1330,1630,Snowden Hall 209,24,16,Available: 8,Lab Science; Prerequisite: GEOL 121,NA
10574,FORS,432,A,Senior Field Project,4,K Smith,MWF,900,950,F,1300,1600,Snowden Hall 209,30,17,Available: 13,Open only to seniors pursuing majors in forestry, geology, natural resources, or natural resources and the environment; Senior Field Project Fee: $50,NA
10576,GEOL,121,A,Physical Geology (Lab),4,M Knoll,TR,930,1045,R,1330,1630,Snowden Hall 102,15,15,Closed,Lab Science,NA
10577,GEOL,121,B,Physical Geology (Lab),4,B Potter,MWF,800,850,M,1330,1630,Snowden Hall 209,24,26,Closed,Lab Science,NA
10578,GEOL,215,A,Economic Geological Resources (Lab),4,S Shaver,MWF,1100,1150,W,1330,1630,Snowden Hall 102,18,7,Available: 11,Lab Science; Open only to juniors and seniors; Prerequisite: GEOL 121,NA
10573,GEOL,314,A,Hydrology (Lab),4,M Knoll,TR,800,915,T,1330,1630,Snowden Hall 209,24,16,Available: 8,Lab Science; Prerequisite: GEOL 121,NA
10580,GEOL,320,A,Igneous and Metamorphic Petrology (Lab),4,S Shaver,TR,1100,1215,R,1330,1630,Snowden Hall 109,12,9,Available: 3,Lab Science; Prerequisite: GEOL 221; Forestry & Geology Fee: $40,NA
10579,GEOL,322,A,Geology of the Western United States,4,B Potter,TR,930,1045,,NA,NA,Snowden Hall 209,24,29,Closed,Non-Lab Science; Open only to juniors and seniors; Prerequisite: GEOL 121,NA
10575,GEOL,432,A,Senior Field Project,4,K Smith,MWF,900,950,F,1300,1600,Snowden Hall 209,30,17,Available: 13,Open only to seniors pursuing majors in forestry, geology, natural resources, or natural resources and the environment; Senior Field Project Fee: $50,NA
Economics,,NA,,,,,,NA,NA,,NA,NA,,NA,NA,,,NA
10613,ECON,101,A,Introduction to Economics,4,J Formby,MWF,800,850,,NA,NA,Walsh-Ellett Hall 310,20,19,Available: 1 Reserved,Reserved Seats: returning freshmen-12 (1 available),NA
10614,ECON,101,B,Introduction to Economics,4,D Williams,MWF,900,950,,NA,NA,Walsh-Ellett Hall 302,20,22,Closed,Reserved Seats: returning freshmen-7 (none available),NA
10615,ECON,101,C,Introduction to Economics,4,J Bradbury,TR,800,915,,NA,NA,Walsh-Ellett Hall 302,20,23,Closed,Reserved Seats: returning freshmen-7 (none available),NA
10616,ECON,101,D,Introduction to Economics,4,J Bradbury,TR,930,1045,,NA,NA,Walsh-Ellett Hall 302,20,23,Closed,Reserved Seats: returning freshmen-7 (none available),NA
10617,ECON,101,E,Introduction to Economics,4,B Ford,TR,1100,1215,,NA,NA,Walsh-Ellett Hall 304,20,22,Closed,Reserved Seats: returning freshmen-7 (none available),NA
10618,ECON,216,A,Fundamentals of Managerial Accounting,4,C Heinemann,MW,1600,1730,,NA,NA,Walsh-Ellett Hall 308,15,15,Closed,Prerequisite: ECON 215,NA
10619,ECON,302,A,Economics of Financial Markets,4,D Williams,TR,930,1045,,NA,NA,Woods Laboratories 113,20,26,Closed,Prerequisite: ECON 101,NA
10620,ECON,306,A,Macroeconomic Theory,4,Y Mohiuddin,TR,930,1045,,NA,NA,Walsh-Ellett Hall 310,22,20,Available: 2,Prerequisite: ECON 101,NA
10621,ECON,306,B,Macroeconomic Theory,4,Y Mohiuddin,TR,1100,1215,,NA,NA,Walsh-Ellett Hall 310,22,22,Closed,Prerequisite: ECON 101,NA
10715,ECON,307,A,Income, Distribution, Poverty and Public Policy,4,J Formby,W,1300,1530,,NA,NA,Walsh-Ellett Hall 306,15,23,Closed,Prerequisite: ECON 101,NA
10622,ECON,309,A,Women in the Economy,4,Y Mohiuddin,R,1400,1630,,NA,NA,Walsh-Ellett Hall 310,20,20,Closed,Writing Intensive; Prerequisite: ECON 101,NA
10623,ECON,329,A,Law and Economics,4,D Williams,MWF,1100,1150,,NA,NA,Walsh-Ellett Hall 302,20,22,Closed,Prerequisite: ECON 101,NA
10624,ECON,331,A,Public Finance and Fiscal Policy,4,J Formby,MWF,1000,1050,,NA,NA,Walsh-Ellett Hall 310,20,21,Closed,Prerequisite: ECON 101,NA
10625,ECON,333,A,Econometrics,4,J Bradbury,MW,1100,1215,,NA,NA,duPont Library G10,20,22,Closed,Prerequisites: ECON 101 and (STAT 204 or ECON 201),NA
10626,ECON,381,A,The Political Economy of Sustainable Development,4,R Gottfried,TR,1100,1215,,NA,NA,Walsh-Ellett Hall 312,15,18,Closed,Prerequisite: ECON 101,NA
Education,,NA,,,,,,NA,NA,,NA,NA,,NA,NA,,,NA
10268,EDUC,161,A,Introduction to Educational Psychology,4,M Wallace,MW,1100,1215,,NA,NA,duPont Library G9D,16,20,Closed,Reserved Seats: seniors-4 (none available), juniors-3 (1 available), sophomores-5 (none available), returning freshmen-4 (none available); Addl time required in local schools,NA
10269,EDUC,161,B,Introduction to Educational Psychology,4,M Wallace,MW,1400,1515,,NA,NA,duPont Library G9D,17,20,Closed,Reserved Seats: seniors-4 (none available), juniors-4 (1 available), sophomores-5 (none available), returning freshmen-4 (none available); Addl time required in local schools,NA
10270,EDUC,201,A,Instructional Technology: Digital Literacy and Learning,4,L Lyle,T,1300,1600,,NA,NA,duPont Library SUMMIT,12,20,Closed,Addl time required in local schools,NA
10684,EDUC,205,A,Introduction to Environmental Education,4,L Lyle,R,1300,1600,,NA,NA,Snowden Hall 211,18,22,Closed,Field trips required,NA
10685,EDUC,245,A,Urban Education,4,A Good,TR,1100,1215,,NA,NA,Snowden Hall 209,32,36,Closed,Field trips to urban schools required,NA
10271,EDUC,255,A,Introduction to Special Education,4,H Bateman,TR,800,915,,NA,NA,Woods Laboratories 341,18,9,Available: 9,Prerequisite: EDUC 161; Addl time required in local schools,NA
10272,EDUC,342,A,Student Teaching,8,L Lyle,TBA,NA,NA,,NA,NA,TBA,10,1,Available: 9,Prerequisite: EDUC 341; Instructor permission required; Co-requisite with Educ 401,NA
10273,EDUC,401,A,Senior Seminar,4,L Lyle,TBA,NA,NA,,NA,NA,TBA,10,1,Available: 9,Instructor permission required; Co-requisite with Educ 342,NA
10714,EDUC,402,A,Action Research,2,M Wallace,TBA,NA,NA,,NA,NA,TBA,20,17,Available: 3,Prerequisites: One course in education; Instructor permission required,NA
English,,NA,,,,,,NA,NA,,NA,NA,,NA,NA,,,NA
10452,ENGL,101,A,Literature and Composition,4,B Engel,MWF,800,850,,NA,NA,Gailor Hall 114,15,16,Closed,Writing Intensive,NA
10453,ENGL,101,B,Literature and Composition,4,V Craighill,MWF,900,950,,NA,NA,Gailor Hall 202,15,15,Closed,Writing Intensive,NA
10454,ENGL,101,C,Literature and Composition,4,K Malone,MWF,900,950,,NA,NA,Gailor Hall 114,15,15,Closed,Writing Intensive,NA
10455,ENGL,101,D,Literature and Composition,4,P Macfie,MWF,1000,1050,,NA,NA,Gailor Hall 114,15,15,Closed,Writing Intensive,NA
10456,ENGL,101,E,Literature and Composition,4,K Malone,MWF,1100,1150,,NA,NA,Gailor Hall 114,15,15,Closed,Writing Intensive,NA
10457,ENGL,101,F,Literature and Composition,4,D Richardson,MWF,1200,1250,,NA,NA,Gailor Hall 114,15,17,Closed,Writing Intensive,NA
10458,ENGL,101,G,Literature and Composition,4,E Outka,TR,930,1045,,NA,NA,Gailor Hall 114,15,14,Available: 1,Writing Intensive,NA
10459,ENGL,101,H,Literature and Composition,4,T Carlson,TR,1100,1215,,NA,NA,duPont Library 215,15,15,Closed,Writing Intensive,NA
10460,ENGL,200,A,Representative Masterpieces,4,B Benson,MWF,900,950,,NA,NA,Gailor Hall 130,20,19,Available: 1,Prerequisites: ENGL 101 or (HUMN 101 and HUMN 102),NA
10461,ENGL,200,B,Representative Masterpieces,4,T Carlson,TR,1400,1515,,NA,NA,duPont Library 215,15,17,Closed,Writing Intensive; Prerequisites: ENGL 101 or (HUMN 101 and HUMN 102),NA
10462,ENGL,210,A,Studies in Poetry,4,J Michael,MWF,1100,1150,,NA,NA,Gailor Hall 103,15,15,Closed,Writing Intensive; Prerequisites: ENGL 101 or (HUMN 101 and HUMN 102),NA
10463,ENGL,211,A,Studies in Fiction,4,B Clarkson,TR,1100,1215,,NA,NA,Gailor Hall 114,25,25,Closed,Prerequisites: ENGL 101 or (HUMN 101 and HUMN 102),NA
10464,ENGL,216,A,Studies in Literature: American Literary Journalism,4,V Craighill,MWF,1200,1250,,NA,NA,Gailor Hall 110,20,22,Closed,,NA
10465,ENGL,351,A,Non-Chaucerian Medieval Literature,4,B Benson,TR,1100,1215,,NA,NA,Gailor Hall 110,25,14,Available: 11,,NA
10466,ENGL,352,A,Chaucer,4,B Benson,MWF,1100,1150,,NA,NA,Gailor Hall 130,25,24,Available: 1,,NA
10467,ENGL,353,A,English Drama to 1642,4,B Engel,MW,1400,1515,,NA,NA,Gailor Hall 130,25,23,Available: 2,,NA
10468,ENGL,358,A,Shakespeare II,4,D Richardson,MWF,1000,1050,,NA,NA,Gailor Hall 110,20,14,Available: 6,Open only to juniors and seniors,NA
10469,ENGL,358,B,Shakespeare II,4,P Macfie,MWF,1100,1150,,NA,NA,Gailor Hall 110,20,12,Available: 8,Open only to juniors and seniors,NA
10470,ENGL,358,C,Shakespeare II,4,K Malone,TR,1100,1215,,NA,NA,Gailor Hall 130,20,20,Closed,Open only to juniors and seniors,NA
10471,ENGL,360,A,Renaissance Literature II,4,P Macfie,T,1400,1630,,NA,NA,Gailor Hall 114,15,14,Available: 1,Writing Intensive,NA
10472,ENGL,365,A,Restoration and Earlier 18th Century,4,D Richardson,TR,930,1045,,NA,NA,Gailor Hall 103,15,17,Closed,Writing Intensive,NA
10473,ENGL,370,A,British Romanticism: the Early 19th Century,4,J Michael,TR,930,1045,,NA,NA,Gailor Hall 130,25,23,Available: 2,,NA
10474,ENGL,374,A,Origins and Development of the English Novel II,4,E Outka,TR,1230,1345,,NA,NA,Gailor Hall 130,25,24,Available: 1,Waitlist - contact instructor,NA
10475,ENGL,378,A,American Literature II,4,E Grammer,TR,930,1045,,NA,NA,Gailor Hall 110,25,23,Available: 2,,NA
10476,ENGL,381,A,Modern British Poetry,4,B Clarkson,W,1400,1630,,NA,NA,Gailor Hall 114,15,16,Closed,Writing Intensive; Waitlist - contact instructor,NA
10477,ENGL,386,A,Joyce,4,E Outka,MW,1300,1415,,NA,NA,Gailor Hall 110,15,15,Closed,Writing Intensive; Waitlist - contact instructor,NA
10478,ENGL,394,A,Literature of the American South,4,J Grammer,MWF,900,950,,NA,NA,Gailor Hall 110,25,26,Closed,,NA
10479,ENGL,395,A,African-American Literature,4,E Grammer,M,1400,1630,,NA,NA,Gailor Hall 114,15,12,Available: 3,Writing Intensive,NA
10480,ENGL,396,A,American Environmental Literature,4,J Gatta,MWF,1000,1050,,NA,NA,Gailor Hall 130,25,14,Available: 11,,NA
10481,ENGL,397,A,Contemporary American Fiction,4,T Carlson,W,1400,1630,,NA,NA,duPont Library 215,15,14,Available: 1,Writing Intensive,NA
10482,ENGL,410,A,Creative Writing: Fiction,4,K Wilson,R,1400,1630,,NA,NA,Gailor Hall 114,15,16,Closed,Writing Intensive,NA
10483,ENGL,419,A,Advanced Creative Writing: Poetry,4,W Prunty,T,1400,1630,,NA,NA,Gailor Hall 202,15,5,Available: 10,Writing Intensive; Prerequisite: ENGL 409,NA
10484,ENGL,420,A,Advanced Creative Writing: Fiction,4,E Slezak,W,1400,1630,,NA,NA,Gailor Hall 103,15,10,Available: 5,Writing Intensive; Prerequisite: ENGL 410,NA
10485,ENGL,421,A,Advanced Creative Writing: Playwriting,4,B Lincks,R,1400,1630,,NA,NA,Gailor Hall 103,15,6,Available: 9,Writing Intensive; Prerequisite: ENGL 411,NA
10809,WRIT,413,A,Creative Writing: Song Lyric,2,D Huber,R,1400,1630,,NA,NA,Gailor Hall 011,15,6,Available: 9,Writing Intensive,NA
Environmental Studies,,NA,,,,,,NA,NA,,NA,NA,,NA,NA,,,NA
10733,ENST,140,A,Readings in Island Ecology,2,T Keith-Lucas,F,1300,1415,,NA,NA,TBA,20,13,Available: 7,Not open to seniors,NA
10561,ENST,200,A,Introduction to Environmental Studies,4,D McGrath,TR,1100,1215,,NA,NA,Woods Laboratories 103,18,25,Closed,,NA
10562,ENST,400,A,Seminar in Environmental Studies,4,R Gottfried,M,1300,1530,,NA,NA,Walsh-Ellett Hall 208,15,4,Available: 11,Open only to seniors,NA
French,,NA,,,,,,NA,NA,,NA,NA,,NA,NA,,,NA
10381,FREN,104,A,Elementary French II,4,L Ramsey,MWF,800,850,T,1400,1450,Gailor Hall 112,20,17,Available: 3,Prerequisite: FREN 103,NA
10382,FREN,104,B,Elementary French II,4,G Poe,MWF,900,950,T,1300,1350,Gailor Hall 112,20,19,Available: 1,Prerequisite: FREN 103,NA
10383,FREN,203,A,Intermediate French,4,R Miannay,MWF,900,950,T,1300,1350,Gailor Hall 212,20,20,Closed,Prerequisite: FREN 104,NA
10384,FREN,203,B,Intermediate French,4,R Miannay,MWF,1100,1150,T,1400,1450,Gailor Hall 225,20,15,Available: 5,Prerequisite: FREN 104,NA
10385,FREN,300,A,Advanced French,4,D Rung,MWF,900,950,,NA,NA,Gailor Hall 233,20,19,Available: 1,Prerequisite: FREN 203,NA
10386,FREN,300,B,Advanced French,4,D Rung,MWF,1000,1050,,NA,NA,Gailor Hall 112,20,25,Closed,Prerequisite: FREN 203,NA
10387,FREN,311,A,Composition,4,R Miannay,TR,1100,1215,,NA,NA,Gailor Hall 112,15,5,Available: 10,Writing Intensive,NA
10388,FREN,312,A,Conversation,4,A Glacet,MWF,1000,1050,,NA,NA,Gailor Hall 212,16,17,Closed,,NA
10389,FREN,314,A,Introduction to Literature of the French-Speaking World,4,A Glacet,MW,1100,1215,,NA,NA,Gailor Hall 112,18,14,Available: 4,Prerequisites: FREN 300, FREN 301, or placement.,NA
10390,FREN,405,A,The Eighteenth Century,4,G Poe,TR,930,1045,,NA,NA,Gailor Hall 112,15,7,Available: 8,Prerequisites: FREN 314 and one other French course numbered 311 or higher,NA
10391,FREN,410,A,French Senior Seminar,4,D Rung,W,1400,1630,,NA,NA,TBA,15,2,Available: 13,Writing Intensive; Open only to seniors pursuing majors in French,NA
10392,FREN,417,A,Topics in Francophone Studies,4,A Glacet,M,1330,1600,,NA,NA,Gailor Hall 112,15,20,Closed,Prerequisites: FREN 314 and one other French course numbered 311 or higher,NA
10393,FREN,419,A,Introduction to French Linguistics,4,L Ramsey,MWF,900,950,,NA,NA,Gailor Hall 225,15,7,Available: 8,Prerequisites: FREN 314 and one other French course numbered 311 or higher,NA
10394,FREN,420,A,French Studies Senior Research Seminar,4,G Poe,W,1400,1630,,NA,NA,Gailor Hall 112,15,4,Available: 11,Writing Intensive; Open only to seniors pursuing majors in French studies,NA
German,,NA,,,,,,NA,NA,,NA,NA,,NA,NA,,,NA
10316,GRMN,104,A,Elementary German II,4,J Davidheiser,MWF,1100,1150,,NA,NA,Gailor Hall 212,30,17,Available: 13,,NA
10317,GRMN,302,A,Advanced Readings II,4,R Zachau,MWF,1100,1150,,NA,NA,Gailor Hall 202,20,18,Available: 2,Writing Intensive,NA
10318,GRMN,303,A,Kafka and Werfel,4,J Davidheiser,TR,1100,1215,,NA,NA,Gailor Hall 202,16,5,Available: 11,,NA
10693,GRMN,310,A,The Fairy Tale in German Literature and Culture: From the Brothers Grimm to Kafka and Hesse,4,J Davidheiser,MWF,1000,1050,,NA,NA,Gailor Hall 202,16,4,Available: 12,Writing Intensive,NA
10320,GRMN,350,A,Berlin: Impressions of a City,4,R Zachau,TR,930,1045,,NA,NA,Gailor Hall 011,20,29,Closed,,NA
10323,GRMN,427,A,East German Literature,4,R Zachau,TR,1400,1515,,NA,NA,Gailor Hall 132,16,18,Closed,,NA
History,,NA,,,,,,NA,NA,,NA,NA,,NA,NA,,,NA
10335,HIST,100,A,Topics in Western Civilization: Forces of Change,4,J Flynn,MW,1100,1215,,NA,NA,Walsh-Ellett Hall 308,20,20,Closed,,NA
10337,HIST,100,C,Topics in Western Civilization: Revolution and Evolution: Europe since the Eighteenth Century,4,C Perry,TR,930,1045,,NA,NA,Walsh-Ellett Hall 304,20,20,Closed,,NA
10338,HIST,100,D,Topics in Western Civilization: Age of Discovery,4,C McEvoy,TR,1100,1215,,NA,NA,duPont Library 217,15,16,Closed,,NA
10339,HIST,100,E,Topics in Western Civilization: Journey in History,4,A Scott,MWF,1000,1050,,NA,NA,Walsh-Ellett Hall 308,20,13,Available: 7,,NA
10340,HIST,100,F,Topics in Western Civilization: Modern Times,4,J Willis,MWF,900,950,,NA,NA,Walsh-Ellett Hall 202,20,20,Closed,,NA
10341,HIST,100,G,Topics in Western Civilization: Comparative History of Women in Social and Political Movements,4,J Berebitsky,TR,930,1045,,NA,NA,Walsh-Ellett Hall 306,20,11,Available: 9,,NA
10342,HIST,100,H,Topics in Western Civilization: Civil Disobedience from Ancient Greece to Modern Africa,4,H Roberson,TR,800,915,,NA,NA,Walsh-Ellett Hall 208,20,20,Closed,,NA
10343,HIST,100,I,Topics in Western Civilization: Consumer Culture and Its Discontents, 17th-20th Centuries,4,A Mansker,MWF,1100,1150,,NA,NA,Walsh-Ellett Hall 306,20,21,Closed,,NA
10345,HIST,202,A,History of the United States II,4,A Scott,MWF,800,850,,NA,NA,Walsh-Ellett Hall 306,25,25,Closed,,NA
10346,HIST,206,A,History of England II,4,C Perry,MWF,1000,1050,,NA,NA,Walsh-Ellett Hall 304,25,26,Closed,,NA
10347,HIST,208,A,History of Russia II,4,H Goldberg,TR,930,1045,,NA,NA,Walsh-Ellett Hall 308,25,27,Closed,,NA
10348,HIST,216,A,History of Japan,4,H Goldberg,TR,1100,1215,,NA,NA,Walsh-Ellett Hall 308,25,25,Closed,,NA
10350,HIST,224,A,Latin American History Since 1826,4,C McEvoy,TR,1400,1515,,NA,NA,duPont Library 217,15,16,Closed,,NA
10351,HIST,231,A,African-American History to 1865,4,H Roberson,TR,1100,1215,,NA,NA,Walsh-Ellett Hall 202,20,21,Closed,,NA
10349,HIST,268,A,German History Since 1850,4,J Flynn,TR,1100,1215,,NA,NA,Walsh-Ellett Hall 302,20,21,Closed,Waitlist - contact instructor,NA
10352,HIST,301,A,Ancient Greece,4,S Ridyard,T,1400,1630,,NA,NA,Walsh-Ellett Hall 312,15,15,Closed,,NA
10353,HIST,304,A,Medieval Europe II,4,S Ridyard,TR,930,1045,,NA,NA,Walsh-Ellett Hall 312,15,15,Closed,,NA
10357,HIST,306,A,The Reformation Era,4,M Crawford,MW,1300,1415,,NA,NA,Carnegie Hall 304,25,14,Available: 11,,NA
10793,HIST,306,B,The Reformation Era,4,M Crawford,MW,915,1045,,NA,NA,Woods Laboratories 340,25,7,Available: 18,,NA
10354,HIST,311,A,Politics and Society in Europe after 1914,4,J Flynn,MW,1400,1515,,NA,NA,Walsh-Ellett Hall 302,15,20,Closed,Waitlist - contact instructor,NA
10686,HIST,316,A,The African-American Church in Slavery and Freedom,4,H Roberson,M,1400,1630,,NA,NA,Walsh-Ellett Hall 312,15,12,Available: 3,Writing Intensive,NA
10355,HIST,322,A,Southern Lives,4,J Willis,TR,930,1045,,NA,NA,Walsh-Ellett Hall 204,15,14,Available: 1,Writing Intensive; Waitlist - contact instructor,NA
10356,HIST,333,A,Topics in American History: City Life: US Urban and Suburban,4,A Scott,T,1400,1630,,NA,NA,Walsh-Ellett Hall 308,15,14,Available: 1,,NA
10358,HIST,349,A,American Women,4,J Berebitsky,M,1400,1630,,NA,NA,Walsh-Ellett Hall 306,15,14,Available: 1,,NA
10322,HIST,350,A,Berlin: Impressions of a City,4,R Zachau,TR,930,1045,,NA,NA,Gailor Hall 011,20,29,Closed,,NA
10359,HIST,352,A,Junior Tutorial,4,C Perry,W,1400,1530,,NA,NA,Walsh-Ellett Hall 202,13,13,Closed,Writing Intensive,NA
10360,HIST,352,B,Junior Tutorial,4,R Levine,R,1300,1500,,NA,NA,Walsh-Ellett Hall 202,9,8,Available: 1,Writing Intensive,NA
10361,HIST,358,A,Women in Latin America,4,C McEvoy,W,1400,1630,,NA,NA,duPont Library 217,15,18,Closed,,NA
10365,HIST,371,A,Tudor England 1485-1603,4,J Turrell,M,1400,1630,,NA,NA,Walsh-Ellett Hall 202,15,14,Available: 1,,NA
10362,HIST,379,A,Honor, Shame, and Violence in Modern Europe,4,A Mansker,T,1400,1630,,NA,NA,Walsh-Ellett Hall 306,15,15,Closed,,NA
10687,HIST,387,A,Slavery and the Slave Trade in Africa,4,R Levine,W,1400,1630,,NA,NA,Walsh-Ellett Hall 312,15,12,Available: 3,,NA
10363,HIST,388,A,The United States and Vietnam since 1945,4,H Goldberg,TR,800,850,M,1900,2100,Walsh-Ellett Hall 308,25,28,Closed,Open only to students pursuing majors in Asian studies, history, politics, or third world studies; Hist/PolS/TWSt/Asia,NA
10366,HIST,390,A,Topics in European History: Christians, Muslims, Jews,4,M Crawford,R,1400,1630,,NA,NA,Walsh-Ellett Hall 312,15,13,Available: 2,,NA
10364,HIST,393,A,America's Civil War,4,J Willis,MW,1100,1215,,NA,NA,Walsh-Ellett Hall 204,15,14,Available: 1,Writing Intensive; Waitlist - contact instructor,NA
Humanities,,NA,,,,,,NA,NA,,NA,NA,,NA,NA,,,NA
10491,HUMN,102,A,Tradition and Criticism in Western Culture--The Medieval World,4,C McDonough,MWF,1000,1050,,NA,NA,Gailor Hall 019,15,12,Available: 3,Writing Intensive; Dept chair permission required,NA
10492,HUMN,102,B,Tradition and Criticism in Western Culture--The Medieval World,4,C Conn,MWF,1000,1050,,NA,NA,Walsh-Ellett Hall 312,15,12,Available: 3,Writing Intensive; Dept chair permission required,NA
10493,HUMN,102,C,Tradition and Criticism in Western Culture--The Medieval World,4,B Engel,MWF,1000,1050,,NA,NA,Gailor Hall 103,15,12,Available: 3,Writing Intensive; Dept chair permission required,NA
10494,HUMN,102,D,Tradition and Criticism in Western Culture--The Medieval World,4,D Huber,MWF,1000,1050,,NA,NA,Gailor Hall 011,15,12,Available: 3,Writing Intensive; Dept chair permission required,NA
10495,HUMN,102,E,Tradition and Criticism in Western Culture--The Medieval World,4,S Raulston,MWF,1000,1050,,NA,NA,Woods Laboratories 103,15,11,Available: 4,Writing Intensive; Dept chair permission required,NA
10496,HUMN,202,A,Tradition and Criticism in Western Culture-The Modern World,4,J Michael,MWF,900,950,,NA,NA,Walsh-Ellett Hall 204,75,14,Available: 61,Writing Intensive; Dept chair permission required,NA
10497,HUMN,202,B,Tradition and Criticism in Western Culture-The Modern World,4,A Mansker,MWF,900,950,,NA,NA,Walsh-Ellett Hall 306,15,13,Available: 2,Writing Intensive; Dept chair permission required,NA
10498,HUMN,202,C,Tradition and Criticism in Western Culture-The Modern World,4,A Moser,MWF,900,950,,NA,NA,Guerry Hall 204,15,11,Available: 4,Writing Intensive; Dept chair permission required,NA
10499,HUMN,202,D,Tradition and Criticism in Western Culture-The Modern World,4,S Shrader,MWF,900,950,,NA,NA,Gailor Hall 011,15,15,Closed,Writing Intensive; Dept chair permission required,NA
10500,HUMN,202,E,Tradition and Criticism in Western Culture-The Modern World,4,E Skomp,MWF,900,950,,NA,NA,duPont Library 217,15,13,Available: 2,Writing Intensive; Dept chair permission required,NA
International & Global Studies,,NA,,,,,,NA,NA,,NA,NA,,NA,NA,,,NA
10622,ECON,309,A,Women in the Economy,4,Y Mohiuddin,R,1400,1630,,NA,NA,Walsh-Ellett Hall 310,20,20,Closed,Writing Intensive; Prerequisite: ECON 101,NA
10626,ECON,381,A,The Political Economy of Sustainable Development,4,R Gottfried,TR,1100,1215,,NA,NA,Walsh-Ellett Hall 312,15,18,Closed,Prerequisite: ECON 101,NA
10389,FREN,314,A,Introduction to Literature of the French-Speaking World,4,A Glacet,MW,1100,1215,,NA,NA,Gailor Hall 112,18,14,Available: 4,Prerequisites: FREN 300, FREN 301, or placement.,NA
10392,FREN,417,A,Topics in Francophone Studies,4,A Glacet,M,1330,1600,,NA,NA,Gailor Hall 112,15,20,Closed,Prerequisites: FREN 314 and one other French course numbered 311 or higher,NA
10392,FREN,417,A,Topics in Francophone Studies,4,A Glacet,M,1330,1600,,NA,NA,Gailor Hall 112,15,20,Closed,Prerequisites: FREN 314 and one other French course numbered 311 or higher,NA
10320,GRMN,350,A,Berlin: Impressions of a City,4,R Zachau,TR,930,1045,,NA,NA,Gailor Hall 011,20,29,Closed,,NA
10347,HIST,208,A,History of Russia II,4,H Goldberg,TR,930,1045,,NA,NA,Walsh-Ellett Hall 308,25,27,Closed,,NA
10348,HIST,216,A,History of Japan,4,H Goldberg,TR,1100,1215,,NA,NA,Walsh-Ellett Hall 308,25,25,Closed,,NA
10350,HIST,224,A,Latin American History Since 1826,4,C McEvoy,TR,1400,1515,,NA,NA,duPont Library 217,15,16,Closed,,NA
10322,HIST,350,A,Berlin: Impressions of a City,4,R Zachau,TR,930,1045,,NA,NA,Gailor Hall 011,20,29,Closed,,NA
10361,HIST,358,A,Women in Latin America,4,C McEvoy,W,1400,1630,,NA,NA,duPont Library 217,15,18,Closed,,NA
10362,HIST,379,A,Honor, Shame, and Violence in Modern Europe,4,A Mansker,T,1400,1630,,NA,NA,Walsh-Ellett Hall 306,15,15,Closed,,NA
10363,HIST,388,A,The United States and Vietnam since 1945,4,H Goldberg,TR,800,850,M,1900,2100,Walsh-Ellett Hall 308,25,28,Closed,Open only to students pursuing majors in Asian studies, history, politics, or third world studies; Hist/PolS/TWSt/Asia,NA
10585,MUSC,105,A,Introduction to World Music,4,J Oba,MWF,1000,1050,,NA,NA,Guerry Hall 131,22,22,Closed,,NA
10443,POLS,227,A,Africa in World Politics,4,E Dunn,MW,1100,1215,,NA,NA,Walsh-Ellett Hall 206,25,25,Closed,,NA
10443,POLS,227,A,Africa in World Politics,4,E Dunn,MW,1100,1215,,NA,NA,Walsh-Ellett Hall 206,25,25,Closed,,NA
10445,POLS,318,A,Comparative Politics: South America and Mexico,4,C Brockett,TR,1100,1215,,NA,NA,Walsh-Ellett Hall 306,25,17,Available: 8,,NA
10445,POLS,318,A,Comparative Politics: South America and Mexico,4,C Brockett,TR,1100,1215,,NA,NA,Walsh-Ellett Hall 306,25,17,Available: 8,,NA
10447,POLS,326,A,Comparative Asian Politics,4,S Wilson,TR,930,1045,,NA,NA,Walsh-Ellett Hall 206,25,11,Available: 14,,NA
10448,POLS,355,A,The Art of Diplomacy,4,B Ward,TR,1100,1215,,NA,NA,Guerry Hall 204,15,20,Closed,,NA
10627,POLS,381,A,The Political Economy of Sustainable Development,4,R Gottfried,TR,1100,1215,,NA,NA,Walsh-Ellett Hall 312,15,18,Closed,,NA
10450,POLS,390,A,The United Nations,4,E Dunn,TR,1100,1215,,NA,NA,Guerry Hall 1,25,11,Available: 14,,NA
10451,POLS,402,A,Topics in Political Economy,4,S Wilson,TR,1100,1215,,NA,NA,Walsh-Ellett Hall 204,15,8,Available: 7,,NA
10451,POLS,402,A,Topics in Political Economy,4,S Wilson,TR,1100,1215,,NA,NA,Walsh-Ellett Hall 204,15,8,Available: 7,,NA
10508,RELG,162,A,Introduction to Asian Religions,4,T Martin-i-Pardo,TR,930,1045,,NA,NA,Walsh-Ellett Hall 210,22,23,Closed,Reserved Seats: sophomores-6 (none available), returning freshmen-6 (none available),NA
10509,RELG,162,B,Introduction to Asian Religions,4,T Martin-i-Pardo,TR,1100,1215,,NA,NA,Walsh-Ellett Hall 210,22,21,Available: 1,Reserved Seats: sophomores-6 (none available), returning freshmen-6 (none available),NA
10713,RELG,344,A,Religion and Violence,4,T Parker,W,1300,1530,,NA,NA,Walsh-Ellett Hall 204,15,15,Closed,Writing Intensive; Waitlist - contact instructor,NA
10691,RUSN,354,A,Real Men, Real Women? Gender in 20th-Century Russian Literature and Culture,4,E Skomp,TR,1100,1215,,NA,NA,Gailor Hall 224,18,4,Available: 14,Writing Intensive,NA
10542,SPAN,312,A,Hispanic Culture and Civilization II,4,M Natal,MW,1100,1215,,NA,NA,Gailor Hall 132,18,22,Closed,Prerequisites: One course in Spanish numbered 203 or higher or placement,NA
10546,SPAN,401,A,The Spanish Classics I,4,S Raulston,MW,1400,1515,,NA,NA,Gailor Hall 202,18,10,Available: 8,,NA
10547,SPAN,422,A,Major Hispanic Women Writers,4,P Bonds,TR,1530,1645,,NA,NA,Gailor Hall 102,18,4,Available: 14,,NA
Italian,,NA,,,,,,NA,NA,,NA,NA,,NA,NA,,,NA
10293,ITAL,104,A,Elementary Italian II,4,L Richardson,MWF,1200,1250,T,1300,1350,Gailor Hall 128,20,21,Closed,Prerequisite: ITAL 103,NA
10294,ITAL,301,A,Introduction to Italian Literature,4,L Richardson,MWF,1000,1050,,NA,NA,Gailor Hall 128,20,12,Available: 8,Prerequisite: ITAL 203,NA
Library Resources,,NA,,,,,,NA,NA,,NA,NA,,NA,NA,,,NA
10487,LIBR,101,A,Library Resources,2,H Syler,R,1400,1600,,NA,NA,duPont Library G10,15,15,Closed,,NA
Mathematics,,NA,,,,,,NA,NA,,NA,NA,,NA,NA,,,NA
10400,MATH,100,A,Topics in Mathematics,4,F Croom,MWF,800,850,,NA,NA,Woods Laboratories 234,25,25,Closed,,NA
10401,MATH,100,B,Topics in Mathematics,4,F Croom,MWF,900,950,,NA,NA,Woods Laboratories 234,25,27,Closed,,NA
10402,MATH,100,C,Topics in Mathematics: Finite Mathematics,4,W Haight,MWF,1000,1050,,NA,NA,Woods Laboratories 230,25,25,Closed,,NA
10403,MATH,100,D,Topics in Mathematics: Finite Mathematics,4,W Haight,MWF,1100,1150,,NA,NA,Woods Laboratories 230,25,26,Closed,,NA
10404,MATH,101,A,Calculus I,4,C Parrish,MWF,1000,1050,,NA,NA,Woods Laboratories 134,15,9,Available: 6,,NA
10405,MATH,101,B,Calculus I,4,C Parrish,MWF,1100,1150,,NA,NA,Woods Laboratories 134,15,9,Available: 6,,NA
10406,MATH,101,C,Calculus I,4,H Craft/E Puckette,TR,930,1045,,NA,NA,Woods Laboratories 234,15,15,Closed,,NA
10407,MATH,101,D,Calculus I,4,H Craft/E Puckette,TR,1100,1215,,NA,NA,Woods Laboratories 234,15,17,Closed,,NA
10408,MATH,102,A,Calculus II,4,D Drinen,TR,800,915,,NA,NA,Woods Laboratories 230,25,13,Available: 12,,NA
10409,MATH,102,B,Calculus II,4,D Drinen,TR,930,1045,,NA,NA,Woods Laboratories 230,25,17,Available: 8,,NA
10410,MATH,207,A,Multidimensional Calculus,4,W Haight,MWF,900,950,W,1300,1415,Woods Laboratories 230,25,9,Available: 16,Prerequisites: MATH 102 or MATH 103,NA
10411,MATH,210,A,Linear Algebra,4,F Croom,TR,800,915,,NA,NA,Woods Laboratories 238,25,12,Available: 13,Prerequisites: MATH 102 or MATH 103,NA
10412,MATH,215,A,Discrete Mathematical Structures,4,H Craft/E Puckette,MWF,1100,1150,,NA,NA,Woods Laboratories 238,25,10,Available: 15,Prerequisites: MATH 102 or MATH 103,NA
10413,MATH,313,A,Algebraic Number Theory,4,M Priestley,MWF,900,950,,NA,NA,Woods Laboratories 238,25,8,Available: 17,Prerequisite: MATH 215,NA
10414,MATH,322,A,Probability and Statistics II,4,D Drinen,MWF,1000,1050,,NA,NA,Woods Laboratories 238,25,6,Available: 19,Prerequisites: MATH 207 and MATH 215,NA
10789,MATH,410,A,Mathematical Methods in Physics,4,B Szapiro and others,T,1300,1400,F,1400,1530,Woods Laboratories 217,5,4,Available: 1,Prerequisite: MATH 212,NA
10681,MATH,416,A,Algebraic Topology,4,K Cavagnaro,TR,1100,1215,,NA,NA,Woods Laboratories 238,25,3,Available: 22,Prerequisite: MATH 314,NA
10716,MATH,430,A,Calculus on Manifolds,4,C Parrish,TR,930,1045,,NA,NA,Woods Laboratories 134,25,5,Available: 20,Prerequisites: MATH 210 and MATH 215,NA
Music,,NA,,,,,,NA,NA,,NA,NA,,NA,NA,,,NA
10581,MUSC,101,A,Music of Western Civilization,4,S Miller,MWF,800,850,,NA,NA,Guerry Hall 131,22,22,Closed,,NA
10582,MUSC,101,B,Music of Western Civilization,4,S Miller,MWF,1100,1150,,NA,NA,Guerry Hall 131,22,25,Closed,,NA
10583,MUSC,102,A,Fundamentals of Music I,2,J Carlson,T,930,1045,T,1315,1345,Guerry Hall 129,12,11,Available: 1,,NA
10584,MUSC,103,A,Fundamentals of Music II,2,J Carlson,R,930,1045,R,1315,1345,Guerry Hall 129,12,12,Closed,Prerequisite: MUSC 102,NA
10585,MUSC,105,A,Introduction to World Music,4,J Oba,MWF,1000,1050,,NA,NA,Guerry Hall 131,22,22,Closed,,NA
10586,MUSC,223,A,American Music,4,S Miller,TR,1100,1215,,NA,NA,Guerry Hall 131,15,10,Available: 5,Writing Intensive; Prerequisites: MUSC 101 or HUMN 202,NA
10707,MUSC,225,A,Music and Drama,4,S Shrader,MW,1300,1415,,NA,NA,Guerry Hall 131,22,8,Available: 14,Prerequisites: MUSC 101 or HUMN 202,NA
10704,MUSC,241,A,Listening to Asia,4,J Oba,TR,1230,1345,,NA,NA,Guerry Hall 131,15,9,Available: 6,Prerequisites: MUSC 101 or MUSC 105 or ASIA 100,NA
10587,MUSC,251,A,University Choir,1,D Briggs,MTWR,1700,1815,U,1000,1200,Guerry Hall 220,99,25,Available: 74,,NA
10013,MUSC,253,A,University Orchestra,1,S Shrader,T,1900,2100,,NA,NA,Guerry Hall AUD,99,18,Available: 81,,NA
10588,MUSC,260,A,Musicianship II,4,J Carlson,TR,1100,1215,,NA,NA,Guerry Hall 129,8,9,Closed,Prerequisites: MUSC 102 and MUSC 103,NA
10589,MUSC,271,A,Piano,1,S Shrader,TBA,NA,NA,,NA,NA,TBA,8,6,Available: 2,Pre- or Corequisite: MUSC 102 or MUSC 103,NA
10590,MUSC,271,B,Piano,1,J Oba,TBA,NA,NA,,NA,NA,TBA,8,0,Available: 8,Pre- or Corequisite: MUSC 102 or MUSC 103,NA
10591,MUSC,273,A,Applied Organ,1,D Briggs,TBA,NA,NA,,NA,NA,TBA,8,0,Available: 8,Pre- or Corequisite: MUSC 102 or MUSC 103,NA
10592,MUSC,275,A,Applied Voice,1,S Smith,TBA,NA,NA,,NA,NA,TBA,8,9,Closed,Pre- or Corequisite: MUSC 102 or MUSC 103; Instructor permission required,NA
10593,MUSC,277,A,Applied Strings,1,K Lehman,TBA,NA,NA,,NA,NA,TBA,8,5,Available: 3,Pre- or Corequisite: MUSC 102 or MUSC 103,NA
10594,MUSC,277,B,Applied Strings,1,E Reed,TBA,NA,NA,,NA,NA,TBA,8,4,Available: 4,Pre- or Corequisite: MUSC 102 or MUSC 103,NA
10595,MUSC,360,A,Musicianship IV,4,D Briggs,MW,1400,1515,,NA,NA,Guerry Hall 129,8,3,Available: 5,Prerequisite: MUSC 261,NA
10596,MUSC,371,A,Applied Piano,2,S Shrader,TBA,NA,NA,,NA,NA,TBA,8,0,Available: 8,Pre- or Corequisite: MUSC 261 and MUSC 360,NA
10597,MUSC,371,B,Applied Piano,2,J Oba,TBA,NA,NA,,NA,NA,TBA,8,7,Available: 1,Pre- or Corequisite: MUSC 261 and MUSC 360,NA
10598,MUSC,373,A,Applied Organ,2,D Briggs,TBA,NA,NA,,NA,NA,TBA,8,2,Available: 6,Pre- or Corequisite: MUSC 261 and MUSC 360,NA
10599,MUSC,375,A,Applied Voice,2 - 4,S Smith,TBA,NA,NA,,NA,NA,TBA,8,1,Available: 7,Pre- or Corequisite: MUSC 261 and MUSC 360; Instructor permission required,NA
10600,MUSC,377,A,Applied Strings,2,K Lehman,TBA,NA,NA,,NA,NA,TBA,8,1,Available: 7,Pre- or Corequisite: MUSC 261 and MUSC 360,NA
10601,MUSC,377,B,Applied Strings,2,E Reed,TBA,NA,NA,,NA,NA,TBA,8,0,Available: 8,Pre- or Corequisite: MUSC 261 and MUSC 360,NA
Philosophy,,NA,,,,,,NA,NA,,NA,NA,,NA,NA,,,NA
10324,PHIL,101,A,Topics in Philosophy: Why Be Moral?,4,A Moser,MWF,1100,1150,,NA,NA,Guerry Hall 205,22,22,Closed,,NA
10325,PHIL,101,B,Topics in Philosophy: Classical Theories and Comtemporary Issues,4,B Garland,MWF,1000,1050,,NA,NA,Guerry Hall 204,22,24,Closed,,NA
10326,PHIL,101,C,Topics in Philosophy: The Meaning of Life,4,J Peters,TR,930,1045,,NA,NA,Guerry Hall 205,22,25,Closed,Reserved Seats: seniors-2 (none available), juniors-3 (2 available), sophomores-5 (1 available), returning freshmen-12 (none available),NA
10327,PHIL,101,D,Topics in Philosophy: The Self, The World and the Other,4,J Simmons,TR,1100,1215,,NA,NA,Woods Laboratories 230,22,23,Closed,,NA
10743,PHIL,101,E,Topics in Philosophy: God, Death and the Meaning of Life,4,C Conn,MWF,900,950,,NA,NA,Guerry Hall 205,22,18,Available: 4,,NA
10329,PHIL,204,A,Modern Philosophy,4,C Conn,MF,1300,1415,,NA,NA,Guerry Hall 204,22,18,Available: 4,,NA
10330,PHIL,230,A,Environmental Ethics,4,J Peters,TR,1100,1215,,NA,NA,Guerry Hall 205,22,31,Closed,Reserved Seats: seniors-5 (none available), juniors-5 (none available), sophomores-5 (none available), returning freshmen-7 (6 available),NA
10694,PHIL,252,A,Existentialism,4,J Simmons,TR,1300,1415,,NA,NA,Guerry Hall 205,16,18,Closed,,NA
10331,PHIL,310,A,Faith in Philosophy and Literature,4,J Peters,W,1400,1630,,NA,NA,Guerry Hall 204,22,24,Closed,Reserved Seats: seniors-5 (1 available), juniors-5 (none available), sophomores-10 (2 available), returning freshmen-2 (none available),NA
10332,PHIL,311,A,American Philosophy,4,B Garland,TR,930,1045,,NA,NA,Guerry Hall 204,22,17,Available: 5,Prerequisites: One course in philosophy at the 100- or 200-level (excluding PHIL 201),NA
10333,PHIL,411,A,Wittgenstein,4,A Moser,T,1400,1630,,NA,NA,Guerry Hall 204,22,9,Available: 13,Prerequisites: One course in philosophy at the 100- or 200-level (excluding PHIL 201),NA
10334,PHIL,451,A,Senior Tutorial,4,B Garland,R,1400,1630,,NA,NA,Guerry Hall 204,22,7,Available: 15,Open only to seniors pursuing majors in philosophy,NA
Physical Education,,NA,,,,,,NA,NA,,NA,NA,,NA,NA,,,NA
10640,PHED,102,A,Racquetball,0,T Kohler,MW,1100,1200,,NA,NA,Fowler Center RACQUET,6,6,Closed,,NA
10658,PHED,106,A,Beginning Fencing,0,J Dombrowski,TR,1900,2000,,NA,NA,Fowler Center ,15,13,Available: 2,,NA
10641,PHED,108,A,Beginning Handball,0,L Glenn,TR,1300,1400,,NA,NA,Fowler Center HANDBALL,15,1,Available: 14,,NA
10660,PHED,110,A,Aerobics,0,V Lorenz,MW,1530,1630,,NA,NA,Fowler Center AEROBICS,25,15,Available: 10,Physical Education Fee: $60,NA
10661,PHED,110,B,Aerobics,0,V Lorenz,TR,1530,1630,,NA,NA,Fowler Center AEROBICS,25,23,Available: 2,Physical Education Fee: $60,NA
10304,PHED,113,A,Beginning Jazz,0,P Pearigen,MW,1300,1415,,NA,NA,Tennessee Williams Center 014,15,16,Closed,Instructor permission required,NA
10696,PHED,115,A,Beginning Riding,0,M Taylor,W,1400,1600,,NA,NA,Equestrian Center ,8,6,Available: 2,Riding Fee: $525,NA
10637,PHED,125,A,Lifetime of Fitness: Running,0,B Buerger,MW,1100,1200,,NA,NA,Fowler Center ,20,20,Closed,,NA
10664,PHED,125,B,Lifetime of Fitness: Running,0,B Wajert,MW,1400,1500,,NA,NA,Fowler Center ,20,17,Available: 3,,NA
10649,PHED,129,A,Lifetime of Fitness: Beginning Golf,0,N Ladd,MW,1000,1100,,NA,NA,Fowler Center ,10,11,Closed,,NA
10657,PHED,130,A,Lifetime of Fitness: Beginning Soccer,0,Q Sheikh,TR,1300,1400,,NA,NA,Fowler Center ,20,1,Available: 19,,NA
10639,PHED,131,A,Lifetime of Fitness: Squash,0,B Taylor,TR,930,1030,,NA,NA,Fowler Center SQUASH,6,3,Available: 3,,NA
10672,PHED,155,A,Advanced Beginning Riding,0,M Taylor,MW,1300,1400,,NA,NA,Equestrian Center ,8,7,Available: 1,Riding Fee: $525,NA
10673,PHED,165,A,Beginning Jumping,0,M Taylor,TR,1100,1200,,NA,NA,Equestrian Center ,8,2,Available: 6,Riding Fee: $525,NA
10675,PHED,167,A,Schooling the Hunter,0,M Taylor,MW,1100,1200,,NA,NA,Equestrian Center ,8,3,Available: 5,Riding Fee: $525,NA
10656,PHED,170,A,Stretch and Relax,0,P Van Dyke,TR,1400,1500,,NA,NA,Fowler Center ,17,14,Available: 3,Physical Education Fee: $175,NA
10665,PHED,171,A,Introduction to Hatha Yoga,0,N Cowell,MW,1700,1800,,NA,NA,Fowler Center ,15,15,Closed,Physical Education Fee: $175,NA
10676,PHED,175,A,Novice Riding,0,M Taylor,TR,1300,1400,,NA,NA,Equestrian Center ,8,3,Available: 5,Riding Fee: $525,NA
10662,PHED,180,A,Sport Aviation,0,N Cowell,R,1300,1600,,NA,NA,Sewanee Airport ,10,6,Available: 4,Aviation Fee: $1450,NA
10646,PHED,200,A,Martial Arts,0,H Goldberg,MW,1700,1830,,NA,NA,Fowler Center ,20,16,Available: 4,,NA
10677,PHED,215,A,Intermediate Riding,0,M Taylor,TR,1400,1500,,NA,NA,Equestrian Center ,8,7,Available: 1,Riding Fee: $525,NA
10307,PHED,223,A,Intermediate Tap Dance,0,P Pearigen,MW,1100,1215,,NA,NA,Tennessee Williams Center 014,15,10,Available: 5,Prerequisites: PHED 123 or THTR 123; Instructor permission required,NA
10678,PHED,226,A,Lifetime of Wellness: Tennis,0,E Cline/S Drabyn,TR,1100,1200,,NA,NA,Fowler Center TENNIS,12,11,Available: 1,,NA
10648,PHED,227,A,Lifetime of Wellness: Weight Training,0,J Windham,MW,1500,1600,,NA,NA,Fowler Center WEIGHT,20,20,Closed,,NA
10663,PHED,227,B,Lifetime of Wellness: Weight Training,0,B Foster,MW,800,900,,NA,NA,Fowler Center WEIGHT,20,9,Available: 11,,NA
10651,PHED,228,A,Lifetime of Wellness: Beginner to Intermediate Road Biking,0,M Jotautas,TR,800,900,,NA,NA,Fowler Center ,20,1,Available: 19,,NA
10705,PHED,251,A,Scuba,0,D Backlund,W,1800,2200,,NA,NA,Gailor Hall 103,12,3,Available: 9,Physical Education Fee: $225,NA
10643,PHED,252,A,Advanced Scuba,0,D Backlund,M,1800,2200,,NA,NA,Gailor Hall 103,12,3,Available: 9,Open Water Certification; Physical Education Fee: $225,NA
10706,PHED,253,A,Rescue Scuba,0,D Backlund,M,1800,2200,,NA,NA,Gailor Hall 103,12,2,Available: 10,Advanced Certification; Physical Education Fee: $200,NA
10642,PHED,270,A,T'ai Chi,0,C Jiang,MR,1900,2000,,NA,NA,Fowler Center ,18,11,Available: 7,Physical Education Fee: $160,NA
10680,PHED,306,A,Advanced Fencing,0,N Cowell,TR,2000,2100,,NA,NA,Fowler Center ,15,7,Available: 8,,NA
10647,PHED,308,A,Advanced Handball,0,L Glenn,TR,1400,1500,,NA,NA,Fowler Center HANDBALL,15,1,Available: 14,,NA
10679,PHED,315,A,Advanced Riding,0,M Taylor,M,1400,1600,,NA,NA,Equestrian Center ,8,9,Closed,Riding Fee: $525,NA
10650,PHED,351,A,American Red Cross Lifeguard,0,M Obermiller,MW,1300,1430,,NA,NA,Fowler Center POOL,15,9,Available: 6,Physical Education Fee: $25,NA
10698,PHED,366,A,Hunter Seat Equitation,0,M Taylor,TR,1500,1600,,NA,NA,Equestrian Center ,8,8,Closed,Prerequisites: PHED 215 or PHED 315; Riding Fee: $525,NA
10709,PHED,368,A,Schooling the Jumper,0,M Taylor,W,1000,1200,,NA,NA,Equestrian Center ,8,0,Available: 8,Prerequisites: PHED 215 or PHED 315,NA
10638,PHED,403,A,Advanced Weight Training (Men),0,B Kehrer,TR,1500,1600,,NA,NA,Fowler Center WEIGHT,30,5,Available: 25,,NA
10644,PHED,403,B,Advanced Weight Training (Women),0,D Harrison,MW,1700,1800,,NA,NA,Fowler Center WEIGHT,30,19,Available: 11,,NA
Physics and Astronomy,,NA,,,,,,NA,NA,,NA,NA,,NA,NA,,,NA
10602,PHYS,102,A,General Physics II (Lab),4,B Szapiro,MWF,900,950,,NA,NA,Woods Laboratories 227,30,16,Available: 14,Lab Science; Prerequisites: PHYS 101 and (MATH 101 or MATH 102 or MATH 103 or MATH 207); T-W-R 1400-1700 lab; sign-up during first week of class,NA
10603,PHYS,102,B,General Physics II (Lab),4,F Hart,TR,930,1045,,NA,NA,Woods Laboratories 216,30,30,Closed,Lab Science; Prerequisites: PHYS 101 and (MATH 101 or MATH 102 or MATH 103 or MATH 207); T-W-R 1400-1700 lab; sign-up during first week of class,NA
10604,PHYS,149,A,Survey of Astronomy,4,D Durig,MWF,1300,1350,,NA,NA,Woods Laboratories 134,14,11,Available: 3,Non-Lab Science,NA
10605,PHYS,204,A,Intermediate Electricity and Magnetism II,4,R Peterson,MWF,900,950,,NA,NA,Woods Laboratories 217,15,5,Available: 10,Lab Science; Prerequisites: MATH 102 or MATH 207 or MATH 212,NA
10606,PHYS,251,A,Introductory Astronomy II (Lab),4,D Durig,MT,1900,2200,,NA,NA,Woods Laboratories 134,14,1,Available: 13,Lab Science; Prerequisites: PHYS 110 or PHYS 149 or PHYS 250,NA
10607,PHYS,304,A,Theoretical Mechanics,4,B Szapiro,MWF,1000,1050,,NA,NA,Woods Laboratories 227,15,1,Available: 14,Non-Lab Science; Prerequisite: PHYS 303,NA
10608,PHYS,308,A,Introduction to Modern Physics II (Lab),4,R Peterson,MWF,1100,1150,M,1400,1700,Woods Laboratories 216,15,12,Available: 3,Lab Science; Prerequisite: PHYS 102,NA
10609,PHYS,312,A,Junior Seminar,2,R Peterson,W,1900,2000,,NA,NA,Woods Laboratories 216,15,8,Available: 7,,NA
10612,PHYS,401,A,Quantum Mechanics,4,F Hart,TR,1100,1215,,NA,NA,Woods Laboratories 217,15,3,Available: 12,Non-Lab Science,NA
10611,PHYS,407,A,Physics Research I and Modern Physics,2 - 4,R Peterson,TBA,NA,NA,,NA,NA,TBA,15,0,Available: 15,,NA
10788,PHYS,410,A,Mathematical Methods in Physics,4,B Szapiro and others,T,1300,1400,F,1400,1530,Woods Laboratories 227,5,4,Available: 1,Non-Lab Science; Prerequisite: MATH 212,NA
10610,PHYS,412,A,Senior Seminar,2,R Peterson,W,1900,2000,,NA,NA,Woods Laboratories 216,15,4,Available: 11,Prerequisite: PHYS 312,NA
Politics,,NA,,,,,,NA,NA,,NA,NA,,NA,NA,,,NA
10433,POLS,101,A,American Government and Politics,4,A Hatcher,TR,1100,1215,,NA,NA,Walsh-Ellett Hall 206,25,24,Available: 1,,NA
10434,POLS,101,B,American Government and Politics,4,P Schneider,TR,930,1045,,NA,NA,Guerry Hall 1,25,28,Closed,,NA
10435,POLS,103,A,Comparative Politics,4,E Dunn,TR,930,1045,,NA,NA,Guerry Hall 131,25,27,Closed,,NA
10436,POLS,105,A,Introduction to Political Theory,4,G McKeen,MWF,900,950,,NA,NA,Walsh-Ellett Hall 312,15,16,Closed,Writing Intensive,NA
10437,POLS,105,B,Introduction to Political Theory,4,G McKeen,MWF,1100,1150,,NA,NA,Walsh-Ellett Hall 202,25,25,Closed,,NA
10438,POLS,150,A,World Politics,4,S Swimelar,MWF,1000,1050,,NA,NA,Guerry Hall 1,25,27,Closed,,NA
10439,POLS,150,B,World Politics,4,S Swimelar,MWF,1100,1150,,NA,NA,Guerry Hall 1,25,25,Closed,,NA
10440,POLS,203,A,The Presidency,4,C Brockett,WF,1100,1215,,NA,NA,Walsh-Ellett Hall 210,30,28,Available: 2,,NA
10441,POLS,204,A,Legislative Process,4,A Hatcher,TR,1300,1415,,NA,NA,Walsh-Ellett Hall 206,25,25,Closed,,NA
10442,POLS,208,A,Environmental Policy,4,C Brockett,TR,800,915,,NA,NA,Guerry Hall 204,25,27,Closed,,NA
10688,POLS,210,A,International Politics: the Middle East,4,N Messiha,TR,930,1045,,NA,NA,Gailor Hall 128,25,12,Available: 13,Open only to juniors and seniors,NA
10443,POLS,227,A,Africa in World Politics,4,E Dunn,MW,1100,1215,,NA,NA,Walsh-Ellett Hall 206,25,25,Closed,,NA
10444,POLS,304,A,American Political Thought,4,G McKeen,MW,1400,1515,,NA,NA,Walsh-Ellett Hall 304,25,25,Closed,,NA
10689,POLS,310,A,Gender issues in the Middle East,4,N Messiha,TR,1300,1415,,NA,NA,Gailor Hall 110,25,8,Available: 17,,NA
10690,POLS,315,A,Global Migration,4,S Swimelar,R,1400,1630,,NA,NA,Gailor Hall 019,15,12,Available: 3,,NA
10445,POLS,318,A,Comparative Politics: South America and Mexico,4,C Brockett,TR,1100,1215,,NA,NA,Walsh-Ellett Hall 306,25,17,Available: 8,,NA
10446,POLS,322,A,United States Foreign Policy,4,B Ward,MWF,800,850,,NA,NA,Guerry Hall 204,25,15,Available: 10,,NA
10447,POLS,326,A,Comparative Asian Politics,4,S Wilson,TR,930,1045,,NA,NA,Walsh-Ellett Hall 206,25,11,Available: 14,,NA
10448,POLS,355,A,The Art of Diplomacy,4,B Ward,TR,1100,1215,,NA,NA,Guerry Hall 204,15,20,Closed,,NA
10449,POLS,368,A,Arms Control and International Security,4,B Ward,MWF,1100,1150,,NA,NA,Walsh-Ellett Hall 304,25,22,Available: 3,,NA
10627,POLS,381,A,The Political Economy of Sustainable Development,4,R Gottfried,TR,1100,1215,,NA,NA,Walsh-Ellett Hall 312,15,18,Closed,,NA
10450,POLS,390,A,The United Nations,4,E Dunn,TR,1100,1215,,NA,NA,Guerry Hall 1,25,11,Available: 14,,NA
10451,POLS,402,A,Topics in Political Economy,4,S Wilson,TR,1100,1215,,NA,NA,Walsh-Ellett Hall 204,15,8,Available: 7,,NA
10701,POLS,410,A,The Politics of Poverty,4,P Schneider,W,1400,1630,,NA,NA,Gailor Hall 212,15,17,Closed,,NA
10805,POLS,450,E,Honors Tutorial,2 - 4,G McKeen,TBA,NA,NA,,NA,NA,TBA,99,1,Available: 98,Special form required,NA
Psychology,,NA,,,,,,NA,NA,,NA,NA,,NA,NA,,,NA
10548,PSYC,100,A,Introduction to Psychology (Lab),4,N Barenbaum/T Keith-Lucas,MWF,900,950,M,1400,1700,Woods Laboratories 341,22,26,Closed,Lab Science; Reserved Seats: sophomores-11 (1 available), returning freshmen-10 (2 available); Waitlist - contact instructor,NA
10549,PSYC,100,B,Introduction to Psychology (Lab),4,C Peyser and others,MWF,1100,1150,W,1400,1700,Woods Laboratories 324,23,23,Closed,Lab Science; Reserved Seats: sophomores-11 (5 available), returning freshmen-11 (none available); Waitlist - contact instructor,NA
10550,PSYC,201,A,Psychology of Personality,4,N Barenbaum,TR,930,1045,,NA,NA,Woods Laboratories 341,26,25,Available: 1,Non-Lab Science,NA
10551,PSYC,202,A,Abnormal Behavior,4,B Lohr,TR,1100,1215,,NA,NA,Woods Laboratories 324,26,23,Available: 3,Non-Lab Science; Waitlist - contact instructor,NA
10552,PSYC,203,A,Social Psychology,4,H Bateman,TR,1100,1215,,NA,NA,Woods Laboratories 341,26,27,Closed,Non-Lab Science; Waitlist - contact instructor,NA
10702,PSYC,204,A,Tests and Measurements,4,C Peyser,TR,800,915,,NA,NA,Woods Laboratories 324,26,4,Available: 22,Non-Lab Science,NA
10553,PSYC,206,A,Industrial Psychology,4,C Peyser,TR,930,1045,,NA,NA,Woods Laboratories 324,26,26,Closed,,NA
10554,PSYC,220,A,Adolescent and Adult Development,4,H Bateman,MW,1400,1515,,NA,NA,Woods Laboratories 341,26,25,Available: 1,Non-Lab Science; Waitlist - contact instructor,NA
10555,PSYC,251,A,Research Methods,4,H Craft/K Yu,MWF,1000,1050,,NA,NA,Woods Laboratories 324,26,24,Available: 2,Non-Lab Science,NA
10703,PSYC,276,A,Pseudopsychology,4,C Peyser,MWF,900,950,,NA,NA,Woods Laboratories 324,26,13,Available: 13,Non-Lab Science,NA
10557,PSYC,353,A,Animal Behavior (Lab),4,T Keith-Lucas,MWF,800,850,R,1400,1700,Woods Laboratories 313,16,16,Closed,Lab Science; Prerequisites: PSYC 251 or three laboratory courses in the sciences; Waitlist - contact instructor,NA
10559,PSYC,410,A,Cognitive Illusions,4,H Craft/K Yu,T,1400,1650,,NA,NA,Woods Laboratories 340,16,18,Closed,Prerequisites: Four courses in psychology; Waitlist - contact instructor,NA
10560,PSYC,412,A,Psychology of Gender,4,N Barenbaum,M,1400,1700,,NA,NA,Woods Laboratories 340,16,16,Closed,Prerequisites: Four courses in psychology and/or women's and gender studies; Waitlist - contact instructor,NA
Religious Studies,,NA,,,,,,NA,NA,,NA,NA,,NA,NA,,,NA
10501,RELG,111,A,Introduction to Religion,4,L Carden,MWF,800,850,,NA,NA,Walsh-Ellett Hall 208,15,16,Closed,Writing Intensive,NA
10502,RELG,111,B,Introduction to Religion,4,J Smith,MWF,800,850,,NA,NA,duPont Library G31,20,22,Closed,Open only to freshmen,NA
10503,RELG,111,C,Introduction to Religion,4,T Parker,TR,800,915,,NA,NA,Walsh-Ellett Hall 202,20,22,Closed,Reserved Seats: returning freshmen-10 (none available),NA
10504,RELG,111,D,Introduction to Religion,4,T Parker,TR,930,1045,,NA,NA,Walsh-Ellett Hall 202,20,19,Available: 1,,NA
10505,RELG,144,A,Introduction to the Bible II: New Testament,4,H Wentz,TR,930,1045,,NA,NA,Walsh-Ellett Hall 208,22,23,Closed,,NA
10506,RELG,144,B,Introduction to the Bible II: New Testament,4,H Wentz,TR,1100,1215,,NA,NA,Walsh-Ellett Hall 208,21,22,Closed,,NA
10507,RELG,151,A,Philosophy of Religion,4,L Carden,MWF,900,950,,NA,NA,Walsh-Ellett Hall 208,22,22,Closed,,NA
10508,RELG,162,A,Introduction to Asian Religions,4,T Martin-i-Pardo,TR,930,1045,,NA,NA,Walsh-Ellett Hall 210,22,23,Closed,Reserved Seats: sophomores-6 (none available), returning freshmen-6 (none available),NA
10509,RELG,162,B,Introduction to Asian Religions,4,T Martin-i-Pardo,TR,1100,1215,,NA,NA,Walsh-Ellett Hall 210,22,21,Available: 1,Reserved Seats: sophomores-6 (none available), returning freshmen-6 (none available),NA
10511,RELG,341,A,Religion and Ecology,4,J Smith,MW,1100,1150,R,1300,1600,duPont Library G31,14,22,Closed,,NA
10713,RELG,344,A,Religion and Violence,4,T Parker,W,1300,1530,,NA,NA,Walsh-Ellett Hall 204,15,15,Closed,Writing Intensive; Waitlist - contact instructor,NA
10717,RELG,345,A,Religion and Food: Feasting, Fasting, and Devotion,4,T Martin-i-Pardo,M,1300,1530,,NA,NA,Walsh-Ellett Hall 210,15,17,Closed,,NA
10510,RELG,361,A,New Religions,4,J Smith,MWF,900,950,,NA,NA,duPont Library G31,22,23,Closed,,NA
10512,RELG,402,A,Seminar for Majors II,4,L Carden,TR,800,915,,NA,NA,Walsh-Ellett Hall 204,20,8,Available: 12,Open only to juniors pursuing majors in religion,NA
Russian,,NA,,,,,,NA,NA,,NA,NA,,NA,NA,,,NA
10563,RUSN,104,A,Elementary Russian II,4,M Preslar,MWF,900,950,T,1300,1350,Gailor Hall 224,18,8,Available: 10,,NA
10564,RUSN,301,A,Readings in Russian Literature II,3,E Skomp,MWF,1100,1150,,NA,NA,Gailor Hall 224,18,15,Available: 3,Prerequisite: RUSN 203,NA
10565,RUSN,303,A,Introduction to Russian Verse,4,M Preslar,MWF,1000,1050,,NA,NA,Gailor Hall 224,18,7,Available: 11,Prerequisite: RUSN 302,NA
10691,RUSN,354,A,Real Men, Real Women? Gender in 20th-Century Russian Literature and Culture,4,E Skomp,TR,1100,1215,,NA,NA,Gailor Hall 224,18,4,Available: 14,Writing Intensive,NA
10566,RUSN,362,A,Tolstoy and Dostoevsky in English Translation II,4,M Preslar,TR,1400,1515,,NA,NA,Gailor Hall 224,17,20,Closed,Writing Intensive,NA
10015,RUSN,440,A,Advanced Readings,2 - 4,M Preslar,TBA,NA,NA,,NA,NA,TBA,25,0,Available: 25,Instructor permission required,NA
School of Theology,,NA,,,,,,NA,NA,,NA,NA,,NA,NA,,,NA
10488,BIBL,331,A,Elementary Biblical Hebrew I,3,M Christian,MW,1500,1615,,NA,NA,Hamilton Hall 117,12,2,Available: 10,,NA
10489,BIBL,332,A,Elementary Biblical Hebrew II,3,B Wright,MR,1500,1615,,NA,NA,Hamilton Hall 235,15,1,Available: 14,Prerequisite: BIBL 331,NA
10721,BIBL,354,A,Old Testament: The Psalms,3,M Christian,T,1300,1500,,NA,NA,Hamilton Hall 123,15,1,Available: 14,,NA
10490,CHHT,339,A,Augustine of Hippo: Self and Society,3,B Stafford,W,1500,1700,,NA,NA,Hamilton Hall 217,25,3,Available: 22,Prerequisites: HIST 100 and one course in philosophy or religion; or the interdisciplinary humanities sequence,NA
10720,LTCM,331,A,Hymnody of Christian Church,3,M Hatchett,W,1300,1450,,NA,NA,Hamilton Hall 114,16,0,Available: 16,,NA
10719,THEO,338,A,Interpreting ,3,J Monti,W,1300,1545,,NA,NA,Hamilton Hall 123,25,0,Available: 25,,NA
10718,THEO,348,A,The Body,3,B Danaher,R,1300,1530,,NA,NA,Walsh-Ellett Hall 208,12,3,Available: 9,,NA
Social Science-Foreign Lang,,NA,,,,,,NA,NA,,NA,NA,,NA,NA,,,NA
10017,SSFL,440,A,Readings and Research,4,M Natal,TBA,NA,NA,,NA,NA,TBA,15,1,Available: 14,Special form required,NA
10380,SSFL,450,A,Honors Tutorial,4,M Natal,TBA,NA,NA,,NA,NA,TBA,15,2,Available: 13,,NA
Spanish,,NA,,,,,,NA,NA,,NA,NA,,NA,NA,,,NA
10529,SPAN,104,A,Elementary Spanish II,4,K Moore,MTWF,800,850,,NA,NA,Gailor Hall 132,18,10,Available: 8,Prerequisite: SPAN 103,NA
10530,SPAN,104,B,Elementary Spanish II,4,K Moore,MTWF,800,850,,NA,NA,Gailor Hall 132,18,13,Available: 5,Prerequisite: SPAN 103,NA
10531,SPAN,104,C,Elementary Spanish II,4,T Prinkey,MTWR,900,950,,NA,NA,Gailor Hall 132,18,16,Available: 2,Prerequisite: SPAN 103,NA
10532,SPAN,104,D,Elementary Spanish II,4,K Moore,MTWF,1000,1050,,NA,NA,Gailor Hall 132,18,18,Closed,Prerequisite: SPAN 103,NA
10533,SPAN,203,A,Intermediate Spanish,4,A Jordan,MTRF,800,850,,NA,NA,Gailor Hall 233,16,12,Available: 4,Prerequisite: SPAN 104,NA
10534,SPAN,203,B,Intermediate Spanish,4,A Jordan,MF,1000,1050,TR,1000,1050,Gailor Hall 233,16,18,Closed,Prerequisite: SPAN 104,NA
10535,SPAN,203,C,Intermediate Spanish,4,A Jordan,MF,1100,1150,TR,1100,1150,Gailor Hall 132,16,17,Closed,Prerequisite: SPAN 104,NA
10536,SPAN,300,A,Introduction to Hispanic Literature,4,P Bonds,MWF,1100,1150,,NA,NA,Gailor Hall 102,16,15,Available: 1,Prerequisites: One course in Spanish numbered 203 or higher or placement,NA
10537,SPAN,300,B,Introduction to Hispanic Literature,4,B Sandlin,TR,930,1045,,NA,NA,Gailor Hall 233,18,20,Closed,Prerequisites: One course in Spanish numbered 203 or higher or placement,NA
10538,SPAN,300,C,Introduction to Hispanic Literature,4,T Prinkey,MW,1300,1415,,NA,NA,Gailor Hall 233,19,19,Closed,Prerequisites: One course in Spanish numbered 203 or higher or placement,NA
10539,SPAN,300,D,Introduction to Hispanic Literature,4,T Prinkey,TR,1300,1415,,NA,NA,Gailor Hall 102,16,17,Closed,Prerequisites: One course in Spanish numbered 203 or higher or placement,NA
10540,SPAN,304,A,Introduction to Latin American Literature II,4,M Natal,TR,1100,1215,,NA,NA,Gailor Hall 233,18,19,Closed,Prerequisites: One course in Spanish numbered 203 or higher or placement,NA
10541,SPAN,304,B,Introduction to Latin American Literature II,4,M Natal,TR,1300,1415,,NA,NA,Gailor Hall 233,18,16,Available: 2,Prerequisites: One course in Spanish numbered 203 or higher or placement,NA
10542,SPAN,312,A,Hispanic Culture and Civilization II,4,M Natal,MW,1100,1215,,NA,NA,Gailor Hall 132,18,22,Closed,Prerequisites: One course in Spanish numbered 203 or higher or placement,NA
10543,SPAN,315,A,The Middle Ages in Spanish Culture and Literature,4,S Raulston,MW,1200,1315,,NA,NA,Gailor Hall 102,16,15,Available: 1,Prerequisites: One course in Spanish numbered 203 or higher or placement,NA
10544,SPAN,331,A,Spanish Phonetics,4,P Bonds,MWF,1000,1050,,NA,NA,Gailor Hall 102,18,14,Available: 4,,NA
10545,SPAN,346,A,Writing Through Hispanic Literature,4,B Sandlin,TR,1100,1215,,NA,NA,Gailor Hall 102,16,10,Available: 6,Writing Intensive,NA
10546,SPAN,401,A,The Spanish Classics I,4,S Raulston,MW,1400,1515,,NA,NA,Gailor Hall 202,18,10,Available: 8,,NA
10547,SPAN,422,A,Major Hispanic Women Writers,4,P Bonds,TR,1530,1645,,NA,NA,Gailor Hall 102,18,4,Available: 14,,NA
Statistics,,NA,,,,,,NA,NA,,NA,NA,,NA,NA,,,NA
10415,STAT,204,A,Elementary Statistics,4,K Cavagnaro,TR,930,1045,,NA,NA,Woods Laboratories BLACKMAN,40,43,Closed,,NA
10417,STAT,204,L1,Elementary Statistics,0,K Cavagnaro,T,1300,1415,,NA,NA,Woods Laboratories 134,20,22,Closed,,NA
10418,STAT,204,L2,Elementary Statistics,0,K Cavagnaro,W,1415,1530,,NA,NA,Woods Laboratories 134,20,21,Closed,,NA
Theatre and Dance,,NA,,,,,,NA,NA,,NA,NA,,NA,NA,,,NA
10300,THTR,101,A,Introduction to Theatre,4,M Cook,TR,800,915,,NA,NA,duPont Library G26,20,19,Available: 1,,NA
10296,THTR,107,A,The Films of Alfred Hitchcock,4,L Richardson,TR,1100,1215,,NA,NA,Gailor Hall 011,20,18,Available: 2,Instructor permission required,NA
10301,THTR,111,A,Elements of Production,4,J Piccard/J Matthews,MWF,1200,1250,M,1400,1700,Tennessee Williams Center 116,12,8,Available: 4,Open only to freshmen and sophomores,NA
10302,THTR,112,A,Elements of Performance,4,P Smith,TR,930,1045,,NA,NA,Tennessee Williams Center 115,12,9,Available: 3,Open only to freshmen and sophomores; Instructor permission required,NA
10303,THTR,113,A,Beginning Jazz,2,P Pearigen,MW,1300,1415,,NA,NA,Tennessee Williams Center 014,15,16,Closed,Instructor permission required,NA
10305,THTR,202,A,Stage Make-up for Performance,2,J Matthews,T,1400,1700,,NA,NA,Tennessee Williams Center 018,10,12,Closed,,NA
10306,THTR,223,A,Intermediate Tap,2,P Pearigen,MW,1100,1215,,NA,NA,Tennessee Williams Center 014,15,10,Available: 5,Prerequisites: THTR 123 or PHED 123; Instructor permission required,NA
10708,THTR,225,A,Music and Drama,4,S Shrader,MW,1300,1415,,NA,NA,Guerry Hall 131,22,8,Available: 14,Prerequisites: MUSC 101 or HUMN 202,NA
10308,THTR,231,A,The Actor's Way of Work,4,D Landon,TR,1415,1645,,NA,NA,Tennessee Williams Center 115,10,16,Closed,Instructor permission required,NA
10309,THTR,232,A,Shakespeare and the Actor: Monologues,2,D Landon,M,1415,1645,,NA,NA,Tennessee Williams Center 115,10,5,Available: 5,Prerequisite: THTR 231; Instructor permission required,NA
10310,THTR,234,A,Comedy: From Neutrality to Clown,2,D Landon,W,1415,1645,,NA,NA,Tennessee Williams Center 115,8,7,Available: 1,Prerequisite: THTR 231; Instructor permission required,NA
10311,THTR,342,A,Scene Design,4,D Backlund,TR,930,1045,R,1400,1700,Tennessee Williams Center 114,9,4,Available: 5,Prerequisite: THTR 114; Instructor permission required,NA
10312,THTR,344,A,Lighting Design,4,D Backlund,TR,1100,1215,T,1400,1700,Tennessee Williams Center 114,9,4,Available: 5,Prerequisite: THTR 114; Instructor permission required,NA
10313,THTR,351,A,Fundamentals of Stage Direction,4,P Smith,TR,1100,1215,,NA,NA,Tennessee Williams Center 115,10,4,Available: 6,Instructor permission required,NA
10314,THTR,362,A,Advanced Costume Design,4,J Matthews,MWF,1100,1150,,NA,NA,Tennessee Williams Center 018,9,4,Available: 5,Prerequisite: THTR 361; Instructor permission required,NA
10315,THTR,431,A,Projects in Performance,2 - 4,P Smith,TBA,NA,NA,,NA,NA,Tennessee Williams Center ,5,1,Available: 4,Open only to juniors and seniors; Instructor permission required,NA
Women's and Gender Studies,,NA,,,,,,NA,NA,,NA,NA,,NA,NA,,,NA
10634,ANTH,321,A,Women in Cross-Cultural Perspective,4,D Murdock,MWF,1000,1050,,NA,NA,Woods Laboratories 342,15,13,Available: 2,Writing Intensive,NA
10622,ECON,309,A,Women in the Economy,4,Y Mohiuddin,R,1400,1630,,NA,NA,Walsh-Ellett Hall 310,20,20,Closed,Writing Intensive; Prerequisite: ECON 101,NA
10469,ENGL,358,B,Shakespeare II,4,P Macfie,MWF,1100,1150,,NA,NA,Gailor Hall 110,20,12,Available: 8,Open only to juniors and seniors,NA
10471,ENGL,360,A,Renaissance Literature II,4,P Macfie,T,1400,1630,,NA,NA,Gailor Hall 114,15,14,Available: 1,Writing Intensive,NA
10474,ENGL,374,A,Origins and Development of the English Novel II,4,E Outka,TR,1230,1345,,NA,NA,Gailor Hall 130,25,24,Available: 1,Waitlist - contact instructor,NA
10341,HIST,100,G,Topics in Western Civilization: Comparative History of Women in Social and Political Movements,4,J Berebitsky,TR,930,1045,,NA,NA,Walsh-Ellett Hall 306,20,11,Available: 9,,NA
10358,HIST,349,A,American Womenâ€™s Cultural and Intellectual History,4,J Berebitsky,M,1400,1630,,NA,NA,Walsh-Ellett Hall 306,15,14,Available: 1,,NA
10361,HIST,358,A,Women in Latin America,4,C McEvoy,W,1400,1630,,NA,NA,duPont Library 217,15,18,Closed,,NA
10362,HIST,379,A,Honor, Shame, and Violence in Modern Europe,4,A Mansker,T,1400,1630,,NA,NA,Walsh-Ellett Hall 306,15,15,Closed,,NA
10689,POLS,310,A,Gender issues in the Middle East,4,N Messiha,TR,1300,1415,,NA,NA,Gailor Hall 110,25,8,Available: 17,,NA
10560,PSYC,412,A,Psychology of Gender,4,N Barenbaum,M,1400,1700,,NA,NA,Woods Laboratories 340,16,16,Closed,Prerequisites: Four courses in psychology and/or women's and gender studies; Waitlist - contact instructor,NA
10691,RUSN,354,A,Real Men, Real Women? Gender in 20th-Century Russian Literature and Culture,4,E Skomp,TR,1100,1215,,NA,NA,Gailor Hall 224,18,4,Available: 14,Writing Intensive,NA
10547,SPAN,422,A,Major Hispanic Women Writers,4,P Bonds,TR,1530,1645,,NA,NA,Gailor Hall 102,18,4,Available: 14,,NA
10299,WMST,100,A,Introduction to Women's Studies,4,J Berebitsky,TR,1230,1345,,NA,NA,Walsh-Ellett Hall 306,20,21,Closed,Open only to freshmen, sophomores, and juniors; Reserved Seats: sophomores-10 (1 available), returning freshmen-5 (none available),NA
